x0	x1	top	bottom	text
2872.54	2877.24	1653.7	1663.33	C
2889.5	2890.19	1639.48	1649.73	L
2884.17	2884.3	1642.59	1653.61	R
2877.63	2880.24	1647.71	1658.19	A
2896.73	2902.44	1636.9	1646.56	H
2903.51	2905.23	1636.57	1645.75	.
2909.08	2915.03	1637.73	1645.63	I
2913.34	2922.61	1640.54	1646.48	R
2919.38	2932.03	1646.96	1648.83	W
2926.81	2936.34	1651.48	1654.18	I
2929.69	2940.88	1657.43	1658.71	N
2895.76	2902.79	1708.84	1716.74	1
2907.53	2911.66	1708.38	1717.81	/
2912.33	2915.72	1707.22	1717.23	3
2919.25	2920.87	1704.91	1715.36	0
2924.37	2924.52	1702.84	1713.13	/
2927.86	2929.11	1699.76	1710.25	1
2884.14	2894.19	1706.98	1712.05	N
2891.59	2897.34	1707.96	1715.5	:
2877.94	2887.71	1703.8	1707.53	E
2871.94	2882.91	1700.08	1701.08	R
2874.64	2877.65	1672.16	1682.44	 
2877.65	2885.58	1672.16	1682.44	N
2885.61	2891.96	1672.16	1682.44	o
2891.99	2895.21	1672.16	1682.44	.
2895.21	2898.22	1672.16	1682.44	 
2898.23	2905.09	1672.16	1682.44	C
2905.09	2909.52	1672.16	1682.44	-
2909.55	2916.1	1672.16	1682.44	4
2916.13	2922.68	1672.16	1682.44	5
2922.71	2929.26	1672.16	1682.44	2
2929.29	2935.85	1672.16	1682.44	5
2931.84	2934.82	1695.24	1705.38	9
2902.33	2908.03	1708.82	1717.72	1
2862.04	2870.95	407.46	419.8	w
2870.68	2879.59	407.46	419.8	w
2879.32	2888.23	407.46	419.8	w
2887.96	2891.39	407.46	419.8	.
2891.42	2894.16	407.46	419.8	i
2894.13	2900.99	407.46	419.8	p
2900.97	2907.83	407.46	419.8	a
2907.81	2914.67	407.46	419.8	o
2914.65	2920.82	407.46	419.8	c
2920.79	2924.22	407.46	419.8	.
2924.25	2930.42	407.46	419.8	c
2930.4	2937.27	407.46	419.8	o
2937.25	2947.55	407.46	419.8	m
2850.48	2857.34	255.27	267.61	2
2857.31	2864.17	255.27	267.61	4
2864.14	2871.0	255.27	267.61	5
2870.97	2874.4	255.27	267.61	 
2874.42	2881.96	255.27	267.61	F
2881.92	2884.66	255.27	267.61	i
2884.63	2890.8	255.27	267.61	s
2890.76	2896.94	255.27	267.61	c
2896.9	2903.76	255.27	267.61	h
2903.73	2910.59	255.27	267.61	e
2910.56	2914.67	255.27	267.61	r
2914.63	2918.06	255.27	267.61	 
2917.62	2925.85	255.27	267.61	A
2925.81	2932.0	255.27	267.61	v
2931.96	2938.83	255.27	267.61	e
2938.79	2945.65	255.27	267.61	n
2945.62	2952.48	255.27	267.61	u
2952.45	2959.31	255.27	267.61	e
2879.44	2887.67	280.64	292.98	S
2887.66	2894.52	280.64	292.98	u
2894.51	2897.25	280.64	292.98	i
2897.23	2900.67	280.64	292.98	t
2900.65	2907.52	280.64	292.98	e
2907.5	2910.94	280.64	292.98	 
2910.95	2919.18	280.64	292.98	B
2919.19	2923.3	280.64	292.98	-
2923.3	2930.16	280.64	292.98	2
2871.91	2880.82	306.0	318.34	C
2880.8	2887.67	306.0	318.34	o
2887.65	2893.82	306.0	318.34	s
2893.81	2897.24	306.0	318.34	t
2897.23	2904.09	306.0	318.34	a
2904.08	2907.51	306.0	318.34	 
2907.54	2917.82	306.0	318.34	M
2917.8	2924.67	306.0	318.34	e
2924.65	2930.82	306.0	318.34	s
2930.81	2937.67	306.0	318.34	a
2860.02	2868.93	331.37	343.71	C
2868.91	2875.77	331.37	343.71	a
2875.75	2878.49	331.37	343.71	l
2878.47	2881.21	331.37	343.71	i
2881.19	2884.62	331.37	343.71	f
2884.6	2891.46	331.37	343.71	o
2891.44	2895.55	331.37	343.71	r
2895.53	2902.4	331.37	343.71	n
2902.38	2905.12	331.37	343.71	i
2905.1	2911.96	331.37	343.71	a
2911.94	2915.37	331.37	343.71	 
2915.4	2922.26	331.37	343.71	9
2922.23	2929.09	331.37	343.71	2
2929.06	2935.92	331.37	343.71	6
2935.89	2942.75	331.37	343.71	2
2942.72	2949.58	331.37	343.71	6
2859.9	2867.44	356.73	369.07	T
2867.55	2870.98	356.73	369.07	:
2871.0	2874.43	356.73	369.07	 
2874.46	2881.32	356.73	369.07	7
2881.29	2888.15	356.73	369.07	1
2888.12	2894.98	356.73	369.07	4
2894.95	2898.38	356.73	369.07	 
2898.4	2905.26	356.73	369.07	5
2905.23	2912.09	356.73	369.07	5
2912.06	2918.92	356.73	369.07	7
2918.89	2922.32	356.73	369.07	 
2922.35	2929.21	356.73	369.07	2
2929.18	2936.04	356.73	369.07	4
2936.01	2942.87	356.73	369.07	4
2942.84	2949.7	356.73	369.07	8
2859.94	2867.48	382.1	394.44	F
2867.51	2870.94	382.1	394.44	:
2870.96	2874.39	382.1	394.44	 
2874.42	2881.28	382.1	394.44	7
2881.25	2888.11	382.1	394.44	1
2888.08	2894.94	382.1	394.44	4
2894.91	2898.34	382.1	394.44	 
2898.36	2905.22	382.1	394.44	4
2905.19	2912.05	382.1	394.44	8
2912.02	2918.88	382.1	394.44	6
2918.85	2922.28	382.1	394.44	 
2922.31	2929.17	382.1	394.44	3
2929.14	2936.0	382.1	394.44	9
2935.97	2942.83	382.1	394.44	9
2942.8	2949.66	382.1	394.44	4
2844.31	2852.54	183.01	195.36	A
2854.56	2863.47	183.01	195.36	R
2865.5	2874.41	183.01	195.36	C
2876.43	2885.34	183.01	195.36	H
2887.37	2890.8	183.01	195.36	I
2892.82	2900.36	183.01	195.36	T
2902.39	2910.62	183.01	195.36	E
2912.64	2921.55	183.01	195.36	C
2923.58	2931.12	183.01	195.36	T
2933.14	2942.05	183.01	195.36	U
2944.08	2952.99	183.01	195.36	R
2955.01	2963.24	183.01	195.36	E
2865.39	2873.62	204.23	216.57	P
2875.58	2882.44	204.23	216.57	L
2884.4	2892.64	204.23	216.57	A
2894.6	2903.51	204.23	216.57	N
2905.47	2914.38	204.23	216.57	N
2916.34	2919.78	204.23	216.57	I
2921.74	2930.65	204.23	216.57	N
2932.61	2942.21	204.23	216.57	G
2854.75	2863.66	225.44	237.78	C
2865.57	2875.18	225.44	237.78	O
2877.09	2886.0	225.44	237.78	N
2887.92	2896.15	225.44	237.78	S
2898.07	2906.98	225.44	237.78	U
2908.9	2915.76	225.44	237.78	L
2917.68	2925.22	225.44	237.78	T
2927.13	2930.56	225.44	237.78	I
2932.48	2941.39	225.44	237.78	N
2943.31	2952.91	225.44	237.78	G
2386.6	2400.72	62.75	87.44	L
2400.75	2415.93	62.75	87.44	E
2415.96	2434.35	62.75	87.44	G
2434.38	2449.56	62.75	87.44	E
2449.59	2468.63	62.75	87.44	N
2468.66	2487.35	62.75	87.44	D
2487.38	2494.61	62.75	87.44	 
2494.55	2511.46	62.75	87.44	A
2511.5	2530.53	62.75	87.44	N
2530.56	2549.25	62.75	87.44	D
2549.28	2556.51	62.75	87.44	 
2556.6	2575.63	62.75	87.44	N
2575.66	2594.67	62.75	87.44	O
2594.7	2609.81	62.75	87.44	T
2609.84	2625.02	62.75	87.44	E
2625.05	2640.68	62.75	87.44	S
2872.62	2878.2	2051.92	2060.15	D
2878.19	2883.3	2051.92	2060.15	R
2883.3	2888.23	2051.92	2060.15	A
2888.23	2895.65	2051.92	2060.15	W
2895.65	2898.72	2051.92	2060.15	I
2898.71	2904.2	2051.92	2060.15	N
2904.2	2909.69	2051.92	2060.15	G
2909.68	2912.26	2051.92	2060.15	 
2912.28	2917.77	2051.92	2060.15	N
2917.76	2923.16	2051.92	2060.15	U
2923.16	2929.5	2051.92	2060.15	M
2929.5	2934.34	2051.92	2060.15	B
2934.34	2938.96	2051.92	2060.15	E
2938.95	2944.06	2051.92	2060.15	R
2864.83	2870.41	1950.97	1959.2	D
2870.41	2875.52	1950.97	1959.2	R
2875.52	2880.46	1950.97	1959.2	A
2880.46	2887.88	1950.97	1959.2	W
2887.88	2890.95	1950.97	1959.2	I
2890.95	2896.44	1950.97	1959.2	N
2896.44	2901.93	1950.97	1959.2	G
2901.94	2904.51	1950.97	1959.2	 
2904.49	2910.07	1950.97	1959.2	D
2910.07	2914.69	1950.97	1959.2	E
2914.69	2919.27	1950.97	1959.2	S
2919.27	2924.22	1950.97	1959.2	C
2924.22	2929.33	1950.97	1959.2	R
2929.33	2932.4	1950.97	1959.2	I
2932.4	2936.94	1950.97	1959.2	P
2936.94	2941.75	1950.97	1959.2	T
2941.75	2944.82	1950.97	1959.2	I
2944.82	2950.64	1950.97	1959.2	O
2950.65	2956.14	1950.97	1959.2	N
2833.18	2867.0	2068.91	2118.29	A
2867.08	2898.53	2068.91	2118.29	1
2898.67	2930.12	2068.91	2118.29	2
2930.27	2945.72	2068.91	2118.29	.
2945.74	2977.19	2068.91	2118.29	1
2896.5	2900.99	1788.99	1797.22	1
2900.99	2905.49	1788.99	1797.22	8
2905.49	2909.99	1788.99	1797.22	0
2909.99	2914.48	1788.99	1797.22	0
2914.49	2918.98	1788.99	1797.22	1
2896.5	2901.28	1803.62	1811.85	X
2901.27	2906.05	1803.62	1811.85	X
2906.04	2910.82	1803.62	1811.85	X
2896.57	2901.35	1818.25	1826.48	X
2901.34	2906.12	1818.25	1826.48	X
2906.11	2910.89	1818.25	1826.48	X
2836.05	2840.58	1789.05	1797.28	P
2840.58	2845.69	1789.05	1797.28	R
2845.68	2851.51	1789.05	1797.28	O
2851.51	2854.94	1789.05	1797.28	J
2854.93	2859.55	1789.05	1797.28	E
2859.55	2864.49	1789.05	1797.28	C
2864.49	2869.29	1789.05	1797.28	T
2869.29	2872.2	1789.05	1797.28	:
2836.05	2841.63	1803.68	1811.91	D
2841.62	2846.73	1803.68	1811.91	R
2846.72	2851.66	1803.68	1811.91	A
2851.65	2859.07	1803.68	1811.91	W
2859.06	2864.55	1803.68	1811.91	N
2864.55	2867.12	1803.68	1811.91	 
2867.15	2872.0	1803.68	1811.91	B
2871.99	2876.73	1803.68	1811.91	Y
2876.7	2879.61	1803.68	1811.91	:
2836.05	2840.99	1818.31	1826.54	C
2840.98	2846.54	1818.31	1826.54	H
2846.53	2851.14	1818.31	1826.54	E
2851.13	2856.08	1818.31	1826.54	C
2856.07	2860.91	1818.31	1826.54	K
2860.9	2865.52	1818.31	1826.54	E
2865.51	2871.09	1818.31	1826.54	D
2871.08	2873.65	1818.31	1826.54	 
2873.68	2878.52	1818.31	1826.54	B
2878.52	2883.26	1818.31	1826.54	Y
2883.23	2886.14	1818.31	1826.54	:
2841.13	2847.75	2011.33	2025.04	I
2847.75	2856.52	2011.33	2025.04	n
2856.52	2862.22	2011.33	2025.04	t
2862.22	2870.37	2011.33	2025.04	e
2870.36	2876.31	2011.33	2025.04	r
2876.31	2880.45	2011.33	2025.04	i
2880.45	2888.91	2011.33	2025.04	o
2888.9	2894.86	2011.33	2025.04	r
2894.85	2898.87	2011.33	2025.04	 
2898.91	2907.34	2011.33	2025.04	E
2907.34	2911.48	2011.33	2025.04	l
2911.48	2919.62	2011.33	2025.04	e
2919.62	2927.56	2011.33	2025.04	v
2927.55	2935.77	2011.33	2025.04	a
2935.77	2941.47	2011.33	2025.04	t
2941.47	2945.61	2011.33	2025.04	i
2945.6	2954.07	2011.33	2025.04	o
2954.06	2962.84	2011.33	2025.04	n
2962.83	2969.9	2011.33	2025.04	s
2836.05	2841.63	1847.54	1855.77	D
2841.63	2846.57	1847.54	1855.77	A
2846.57	2851.37	1847.54	1855.77	T
2851.38	2855.99	1847.54	1855.77	E
2856.0	2858.57	1847.54	1855.77	 
2858.59	2864.42	1847.54	1855.77	O
2864.42	2868.71	1847.54	1855.77	F
2868.71	2871.29	1847.54	1855.77	 
2871.26	2874.33	1847.54	1855.77	I
2874.34	2878.92	1847.54	1855.77	S
2878.92	2883.51	1847.54	1855.77	S
2883.51	2888.91	1847.54	1855.77	U
2888.91	2893.53	1847.54	1855.77	E
2893.54	2896.45	1847.54	1855.77	:
2896.44	2899.02	1847.54	1855.77	 
2899.01	2901.59	1847.54	1855.77	 
2901.6	2907.59	1847.54	1855.77	#
2866.88	2895.68	1279.73	1305.45	M
2866.88	2895.68	1262.65	1279.76	e
2866.88	2895.68	1244.24	1262.67	n
2866.88	2895.68	1235.56	1244.26	i
2866.88	2895.68	1224.58	1235.58	f
2866.88	2895.68	1207.49	1224.6	e
2866.88	2895.68	1190.41	1207.51	e
2866.88	2895.68	1181.99	1190.43	 
2866.88	2895.68	1165.52	1182.0	L
2866.88	2895.68	1148.29	1165.54	a
2866.88	2895.68	1130.95	1148.31	k
2866.88	2895.68	1113.86	1130.97	e
2866.88	2895.68	1099.05	1113.88	s
2901.68	2930.48	1244.92	1270.89	W
2901.68	2930.48	1229.78	1244.93	e
2901.68	2930.48	1223.2	1229.8	l
2901.68	2930.48	1216.62	1223.22	l
2901.68	2930.48	1207.62	1216.64	 
2901.68	2930.48	1187.33	1207.72	Q
2901.68	2930.48	1171.28	1187.35	u
2901.68	2930.48	1156.14	1171.29	e
2901.68	2930.48	1143.31	1156.16	s
2901.68	2930.48	1133.71	1143.33	t
2935.06	2957.01	1334.56	1348.97	P
2935.06	2957.01	1320.07	1334.49	P
2935.06	2957.01	1313.58	1320.01	 
2935.06	2957.01	1299.6	1313.57	2
2935.06	2957.01	1285.55	1299.53	0
2935.06	2957.01	1271.51	1285.49	1
2935.06	2957.01	1257.46	1271.44	7
2935.06	2957.01	1247.95	1257.4	-
2935.06	2957.01	1233.92	1247.89	0
2935.06	2957.01	1219.87	1233.85	4
2935.06	2957.01	1205.83	1219.81	2
2935.06	2957.01	1198.89	1205.76	,
2935.06	2957.01	1192.46	1198.89	 
2935.06	2957.01	1179.02	1192.45	T
2935.06	2957.01	1163.06	1178.99	R
2935.06	2957.01	1148.0	1163.03	A
2935.06	2957.01	1133.33	1147.97	C
2935.06	2957.01	1119.87	1133.3	T
2935.06	2957.01	1113.41	1119.84	 
2935.06	2957.01	1096.54	1113.46	N
2935.06	2957.01	1082.97	1096.51	o
2935.06	2957.01	1076.01	1082.88	.
2935.06	2957.01	1069.58	1076.01	 
2935.06	2957.01	1055.59	1069.57	7
2811.4	2821.0	2116.93	2124.0	©
2811.35	2820.95	2113.9	2116.9	 
2811.35	2820.95	2108.65	2113.89	2
2811.35	2820.95	2103.4	2108.65	0
2811.35	2820.95	2098.16	2103.4	1
2811.35	2820.95	2092.91	2098.15	8
2811.35	2820.95	2089.9	2092.9	 
2811.35	2820.95	2086.31	2089.89	I
2811.35	2820.95	2080.35	2086.31	R
2811.35	2820.95	2071.69	2080.35	W
2811.35	2820.95	2068.11	2071.69	I
2811.35	2820.95	2061.7	2068.1	N
2811.35	2820.95	2058.69	2061.7	 
2811.35	2820.95	2053.44	2058.73	P
2811.35	2820.95	2047.67	2053.43	A
2811.35	2820.95	2041.71	2047.67	R
2811.35	2820.95	2036.1	2041.71	T
2811.35	2820.95	2029.7	2036.1	N
2811.35	2820.95	2024.31	2029.7	E
2811.35	2820.95	2018.35	2024.31	R
2811.35	2820.95	2013.0	2018.34	S
2811.35	2820.95	2009.99	2012.99	 
2811.35	2820.95	2004.2	2009.96	A
2811.35	2820.95	1998.23	2004.2	R
2811.35	2820.95	1992.46	1998.23	C
2811.35	2820.95	1985.98	1992.46	H
2811.35	2820.95	1982.4	1985.98	I
2811.35	2820.95	1976.79	1982.4	T
2811.35	2820.95	1971.4	1976.79	E
2811.35	2820.95	1965.63	1971.4	C
2811.35	2820.95	1960.02	1965.63	T
2811.35	2820.95	1954.67	1960.02	S
2811.35	2820.95	1951.67	1954.67	 
2811.35	2820.95	1948.66	1951.66	 
2811.35	2820.95	1945.65	1948.66	 
2811.35	2820.95	1942.64	1945.65	 
2811.35	2820.95	1939.64	1942.64	 
2811.35	2820.95	1934.38	1939.62	1
2811.35	2820.95	1930.71	1934.37	/
2811.35	2820.95	1925.48	1930.72	2
2811.35	2820.95	1920.23	1925.48	5
2811.35	2820.95	1916.56	1920.22	/
2811.35	2820.95	1911.34	1916.58	2
2811.35	2820.95	1906.09	1911.34	0
2811.35	2820.95	1900.85	1906.09	1
2811.35	2820.95	1895.6	1900.84	9
2811.35	2820.95	1892.58	1895.58	 
2811.35	2820.95	1889.57	1892.58	 
2811.35	2820.95	1886.57	1889.57	 
2811.35	2820.95	1883.56	1886.57	 
2811.35	2820.95	1880.56	1883.56	 
2811.35	2820.95	1875.3	1880.54	1
2811.35	2820.95	1870.05	1875.3	2
2811.35	2820.95	1866.66	1870.05	:
2811.35	2820.95	1861.42	1866.66	2
2811.35	2820.95	1856.17	1861.42	8
2811.35	2820.95	1853.16	1856.17	 
2811.35	2820.95	1847.86	1853.15	P
2811.35	2820.95	1840.44	1847.84	M
2811.35	2820.95	1837.42	1840.42	 
2811.35	2820.95	1834.41	1837.42	 
2811.35	2820.95	1831.41	1834.41	 
2811.35	2820.95	1828.4	1831.41	 
2811.35	2820.95	1825.4	1828.4	 
2811.35	2820.95	1819.73	1825.38	B
2811.35	2820.95	1816.14	1819.72	I
2811.35	2820.95	1808.73	1816.13	M
2811.35	2820.95	1805.72	1808.73	 
2811.35	2820.95	1800.39	1805.74	S
2811.35	2820.95	1795.33	1800.38	e
2811.35	2820.95	1791.87	1795.32	r
2811.35	2820.95	1787.08	1791.86	v
2811.35	2820.95	1782.02	1787.07	e
2811.35	2820.95	1778.56	1782.02	r
2811.35	2820.95	1775.14	1778.53	:
2811.35	2820.95	1772.14	1775.14	 
2811.35	2820.95	1768.55	1772.13	I
2811.35	2820.95	1763.25	1768.54	P
2811.35	2820.95	1757.49	1763.25	A
2811.35	2820.95	1753.99	1757.47	-
2811.35	2820.95	1748.37	1754.02	B
2811.35	2820.95	1744.79	1748.37	I
2811.35	2820.95	1737.38	1744.79	M
2811.35	2820.95	1733.9	1737.38	-
2811.35	2820.95	1728.58	1733.92	S
2811.35	2820.95	1722.61	1728.57	R
2811.35	2820.95	1716.86	1722.6	V
2811.35	2820.95	1710.89	1716.85	R
2811.35	2820.95	1707.88	1710.88	 
2811.35	2820.95	1704.39	1707.87	-
2811.35	2820.95	1701.41	1704.42	 
2811.35	2820.95	1695.76	1701.41	B
2811.35	2820.95	1692.17	1695.75	I
2811.35	2820.95	1684.76	1692.16	M
2811.35	2820.95	1681.75	1684.76	 
2811.35	2820.95	1676.42	1681.77	S
2811.35	2820.95	1671.36	1676.41	e
2811.35	2820.95	1667.9	1671.35	r
2811.35	2820.95	1663.11	1667.89	v
2811.35	2820.95	1658.05	1663.1	e
2811.35	2820.95	1654.59	1658.05	r
2811.35	2820.95	1651.58	1654.58	 
2811.35	2820.95	1646.31	1651.55	2
2811.35	2820.95	1641.06	1646.31	0
2811.35	2820.95	1637.4	1641.06	/
2811.35	2820.95	1632.17	1637.41	1
2811.35	2820.95	1626.92	1632.17	8
2811.35	2820.95	1621.68	1626.92	0
2811.35	2820.95	1616.43	1621.67	0
2811.35	2820.95	1611.18	1616.42	1
2811.35	2820.95	1608.17	1611.17	 
2811.35	2820.95	1599.5	1608.16	W
2811.35	2820.95	1594.45	1599.5	e
2811.35	2820.95	1592.25	1594.45	l
2811.35	2820.95	1590.05	1592.24	l
2811.35	2820.95	1587.04	1590.04	 
2811.35	2820.95	1580.31	1587.11	Q
2811.35	2820.95	1574.95	1580.31	u
2811.35	2820.95	1569.9	1574.95	e
2811.35	2820.95	1565.61	1569.89	s
2811.35	2820.95	1562.4	1565.61	t
2811.35	2820.95	1559.39	1562.4	 
2811.35	2820.95	1551.99	1559.4	M
2811.35	2820.95	1546.94	1551.99	e
2811.35	2820.95	1541.58	1546.94	n
2811.35	2820.95	1539.38	1541.58	i
2811.35	2820.95	1536.32	1539.37	f
2811.35	2820.95	1531.27	1536.32	e
2811.35	2820.95	1526.21	1531.26	e
2811.35	2820.95	1523.21	1526.21	 
2811.35	2820.95	1518.39	1523.17	L
2811.35	2820.95	1513.35	1518.39	a
2811.35	2820.95	1508.56	1513.34	k
2811.35	2820.95	1503.51	1508.56	e
2811.35	2820.95	1499.22	1503.5	s
2839.9	2850.87	1523.7	1540.16	P
2850.88	2862.77	1523.7	1540.16	R
2862.78	2875.58	1523.7	1540.16	O
2875.59	2888.39	1523.7	1540.16	G
2888.4	2900.29	1523.7	1540.16	R
2900.3	2911.27	1523.7	1540.16	E
2911.28	2922.26	1523.7	1540.16	S
2922.27	2933.25	1523.7	1540.16	S
2933.26	2937.83	1523.7	1540.16	 
2937.76	2948.74	1523.7	1540.16	S
2948.75	2959.73	1523.7	1540.16	E
2959.74	2969.79	1523.7	1540.16	T
2872.98	2882.13	1542.56	1559.02	0
2882.08	2891.23	1542.56	1559.02	1
2891.19	2895.76	1542.56	1559.02	/
2895.8	2904.95	1542.56	1559.02	2
2904.9	2914.05	1542.56	1559.02	5
2914.01	2918.58	1542.56	1559.02	/
2918.62	2927.77	1542.56	1559.02	1
2927.72	2936.87	1542.56	1559.02	9
2379.15	2388.69	115.25	128.97	K
2388.7	2397.13	115.25	128.97	E
2397.14	2406.33	115.25	128.97	Y
2406.34	2416.91	115.25	128.97	N
2416.92	2427.48	115.25	128.97	O
2427.49	2435.88	115.25	128.97	T
2435.89	2444.32	115.25	128.97	E
2444.33	2453.01	115.25	128.97	S
2379.15	2387.13	143.23	152.83	M
2387.08	2389.75	143.23	152.83	I
2389.7	2395.56	143.23	152.83	L
2395.51	2401.38	143.23	152.83	L
2401.33	2410.37	143.23	152.83	W
2410.32	2417.79	143.23	152.83	O
2417.74	2424.67	143.23	152.83	R
2424.62	2431.55	143.23	152.83	K
2379.15	2387.14	155.88	165.48	M
2387.15	2392.48	155.88	165.48	1
2392.46	2395.12	155.88	165.48	 
2415.15	2421.55	155.88	165.48	B
2421.54	2427.94	155.88	165.48	A
2427.92	2434.33	155.88	165.48	S
2434.31	2440.72	155.88	165.48	E
2440.7	2443.37	155.88	165.48	 
2443.43	2450.36	155.88	165.48	C
2450.35	2456.75	155.88	165.48	A
2456.74	2463.14	155.88	165.48	B
2463.13	2465.8	155.88	165.48	I
2465.79	2472.72	155.88	165.48	N
2472.7	2479.11	155.88	165.48	E
2479.09	2484.96	155.88	165.48	T
2484.95	2487.61	155.88	165.48	 
2487.6	2490.79	155.88	165.48	(
2490.8	2496.13	155.88	165.48	1
2496.11	2501.44	155.88	165.48	3
2501.42	2504.08	155.88	165.48	/
2504.11	2511.04	155.88	165.48	A
2510.77	2516.1	155.88	165.48	1
2516.09	2521.43	155.88	165.48	3
2521.41	2524.08	155.88	165.48	.
2524.07	2529.4	155.88	165.48	1
2529.39	2532.58	155.88	165.48	)
2379.15	2387.14	168.53	178.13	M
2387.15	2392.48	168.53	178.13	2
2392.46	2395.12	168.53	178.13	 
2415.15	2422.08	168.53	178.13	D
2422.05	2428.98	168.53	178.13	R
2428.95	2435.35	168.53	178.13	A
2435.33	2444.39	168.53	178.13	W
2444.36	2450.76	168.53	178.13	E
2450.74	2457.67	168.53	178.13	R
2457.64	2460.31	168.53	178.13	 
2460.07	2467.0	168.53	178.13	C
2466.98	2473.38	168.53	178.13	A
2473.35	2479.75	168.53	178.13	B
2479.73	2482.4	168.53	178.13	I
2482.37	2489.3	168.53	178.13	N
2489.27	2495.67	168.53	178.13	E
2495.65	2501.51	168.53	178.13	T
2379.15	2387.14	181.18	190.78	M
2387.15	2392.48	181.18	190.78	3
2392.46	2395.12	181.18	190.78	 
2415.15	2421.55	181.18	190.78	S
2421.5	2427.37	181.18	190.78	T
2427.33	2433.73	181.18	190.78	A
2433.68	2440.62	181.18	190.78	N
2440.57	2447.5	181.18	190.78	D
2447.46	2453.86	181.18	190.78	A
2453.82	2460.75	181.18	190.78	R
2460.7	2467.63	181.18	190.78	D
2467.59	2470.26	181.18	190.78	 
2469.93	2476.33	181.18	190.78	S
2476.29	2478.96	181.18	190.78	I
2478.91	2485.84	181.18	190.78	N
2485.8	2492.2	181.18	190.78	K
2492.16	2494.83	181.18	190.78	 
2495.02	2501.95	181.18	190.78	C
2501.9	2508.31	181.18	190.78	A
2508.26	2514.67	181.18	190.78	B
2514.62	2517.29	181.18	190.78	I
2517.25	2524.18	181.18	190.78	N
2524.13	2530.54	181.18	190.78	E
2530.49	2536.36	181.18	190.78	T
2536.31	2538.98	181.18	190.78	 
2539.18	2542.37	181.18	190.78	(
2542.38	2547.71	181.18	190.78	1
2547.69	2553.03	181.18	190.78	3
2553.01	2555.67	181.18	190.78	/
2555.7	2562.63	181.18	190.78	A
2562.35	2567.68	181.18	190.78	1
2567.67	2573.01	181.18	190.78	3
2572.99	2575.66	181.18	190.78	.
2575.65	2580.98	181.18	190.78	1
2580.98	2584.17	181.18	190.78	)
2584.18	2586.84	181.18	190.78	 
2586.85	2589.52	181.18	190.78	 
2589.55	2592.75	181.18	190.78	(
2592.75	2598.08	181.18	190.78	2
2598.06	2603.4	181.18	190.78	1
2603.38	2606.04	181.18	190.78	/
2606.06	2612.99	181.18	190.78	A
2612.72	2618.05	181.18	190.78	1
2618.04	2623.38	181.18	190.78	3
2623.36	2626.03	181.18	190.78	.
2626.02	2631.35	181.18	190.78	2
2631.34	2634.53	181.18	190.78	)
2379.15	2387.14	193.83	203.43	M
2387.15	2392.48	193.83	203.43	4
2392.46	2395.12	193.83	203.43	 
2415.15	2421.55	193.83	203.43	A
2421.54	2428.47	193.83	203.43	C
2428.46	2435.39	193.83	203.43	C
2435.39	2441.79	193.83	203.43	E
2441.78	2448.18	193.83	203.43	S
2448.18	2454.58	193.83	203.43	S
2454.57	2457.24	193.83	203.43	I
2457.23	2463.64	193.83	203.43	B
2463.63	2468.96	193.83	203.43	L
2468.96	2475.36	193.83	203.43	E
2475.35	2478.02	193.83	203.43	 
2478.06	2484.46	193.83	203.43	S
2484.45	2487.12	193.83	203.43	I
2487.11	2494.04	193.83	203.43	N
2494.04	2500.44	193.83	203.43	K
2500.43	2503.1	193.83	203.43	 
2503.15	2510.08	193.83	203.43	C
2510.07	2516.47	193.83	203.43	A
2516.46	2522.87	193.83	203.43	B
2522.86	2525.53	193.83	203.43	I
2525.52	2532.45	193.83	203.43	N
2532.44	2538.85	193.83	203.43	E
2538.84	2544.7	193.83	203.43	T
2544.69	2547.36	193.83	203.43	 
2547.31	2556.37	193.83	203.43	W
2556.4	2559.06	193.83	203.43	/
2559.09	2565.49	193.83	203.43	A
2565.38	2571.24	193.83	203.43	T
2571.14	2577.0	193.83	203.43	T
2576.89	2583.29	193.83	203.43	A
2583.18	2590.12	193.83	203.43	C
2590.01	2596.94	193.83	203.43	H
2596.83	2603.23	193.83	203.43	E
2603.12	2610.05	193.83	203.43	D
2609.94	2612.61	193.83	203.43	 
2612.21	2618.61	193.83	203.43	B
2618.5	2624.9	193.83	203.43	A
2624.79	2631.2	193.83	203.43	S
2631.09	2637.49	193.83	203.43	E
2637.81	2640.47	193.83	203.43	 
2640.5	2643.69	193.83	203.43	(
2643.7	2649.03	193.83	203.43	1
2649.01	2654.35	193.83	203.43	9
2654.32	2656.98	193.83	203.43	/
2657.01	2663.94	193.83	203.43	A
2663.66	2668.99	193.83	203.43	1
2668.98	2674.32	193.83	203.43	3
2674.3	2676.97	193.83	203.43	.
2676.96	2682.29	193.83	203.43	1
2682.29	2685.48	193.83	203.43	)
2379.15	2387.14	206.48	216.08	M
2387.15	2392.48	206.48	216.08	5
2392.46	2395.12	206.48	216.08	 
2415.15	2424.21	206.48	216.08	W
2424.15	2430.55	206.48	216.08	A
2430.49	2435.83	206.48	216.08	L
2435.77	2441.11	206.48	216.08	L
2441.05	2443.72	206.48	216.08	 
2443.18	2450.11	206.48	216.08	H
2450.05	2456.98	206.48	216.08	U
2456.92	2463.85	206.48	216.08	N
2463.79	2471.26	206.48	216.08	G
2471.2	2473.87	206.48	216.08	 
2474.09	2481.02	206.48	216.08	C
2480.96	2487.36	206.48	216.08	A
2487.31	2493.71	206.48	216.08	B
2493.65	2496.32	206.48	216.08	I
2496.26	2503.19	206.48	216.08	N
2503.13	2509.54	206.48	216.08	E
2509.48	2515.34	206.48	216.08	T
2515.28	2517.95	206.48	216.08	 
2518.25	2527.31	206.48	216.08	W
2527.34	2530.0	206.48	216.08	/
2530.02	2532.69	206.48	216.08	 
2532.72	2539.12	206.48	216.08	A
2539.03	2545.96	206.48	216.08	D
2545.88	2550.68	206.48	216.08	J
2550.59	2557.52	206.48	216.08	U
2557.44	2563.84	206.48	216.08	S
2563.75	2569.62	206.48	216.08	T
2569.53	2575.94	206.48	216.08	A
2575.85	2582.25	206.48	216.08	B
2582.17	2587.51	206.48	216.08	L
2587.42	2593.82	206.48	216.08	E
2593.74	2596.41	206.48	216.08	 
2596.59	2602.99	206.48	216.08	S
2602.9	2609.84	206.48	216.08	H
2609.75	2616.15	206.48	216.08	E
2616.07	2621.4	206.48	216.08	L
2621.32	2627.72	206.48	216.08	V
2627.64	2634.04	206.48	216.08	E
2633.95	2640.36	206.48	216.08	S
2379.15	2387.14	219.13	228.73	M
2387.15	2392.48	219.13	228.73	6
2392.46	2395.12	219.13	228.73	 
2415.15	2421.55	219.13	228.73	E
2421.45	2428.38	219.13	228.73	N
2428.28	2435.21	219.13	228.73	D
2435.11	2437.78	219.13	228.73	 
2438.06	2444.46	219.13	228.73	P
2444.36	2450.76	219.13	228.73	A
2450.66	2457.59	219.13	228.73	N
2457.49	2463.9	219.13	228.73	E
2463.8	2469.14	219.13	228.73	L
2379.15	2387.14	231.78	241.38	M
2387.15	2392.48	231.78	241.38	7
2392.46	2395.12	231.78	241.38	 
2415.15	2421.55	231.78	241.38	A
2421.46	2428.39	231.78	241.38	C
2428.3	2435.23	231.78	241.38	C
2435.15	2441.55	231.78	241.38	E
2441.46	2447.86	231.78	241.38	S
2447.78	2454.18	231.78	241.38	S
2454.09	2456.76	231.78	241.38	I
2456.67	2463.07	231.78	241.38	B
2462.99	2468.32	231.78	241.38	L
2468.23	2474.64	231.78	241.38	E
2474.55	2477.22	231.78	241.38	 
2478.06	2483.39	231.78	241.38	L
2483.31	2489.71	231.78	241.38	A
2489.62	2496.02	231.78	241.38	V
2495.94	2502.34	231.78	241.38	A
2502.25	2508.12	231.78	241.38	T
2508.03	2515.5	231.78	241.38	O
2515.41	2522.34	231.78	241.38	R
2522.25	2528.65	231.78	241.38	Y
2528.57	2531.24	231.78	241.38	 
2529.32	2536.25	231.78	241.38	C
2536.16	2542.57	231.78	241.38	A
2542.48	2548.88	231.78	241.38	B
2548.79	2551.46	231.78	241.38	I
2551.37	2558.31	231.78	241.38	N
2558.22	2564.62	231.78	241.38	E
2564.53	2570.4	231.78	241.38	T
2570.31	2572.98	231.78	241.38	 
2573.48	2582.54	231.78	241.38	W
2582.46	2585.12	231.78	241.38	I
2585.04	2590.9	231.78	241.38	T
2590.81	2597.74	231.78	241.38	H
2597.66	2600.32	231.78	241.38	 
2600.3	2606.7	231.78	241.38	A
2606.61	2613.54	231.78	241.38	C
2613.46	2620.39	231.78	241.38	C
2620.3	2626.7	231.78	241.38	E
2626.61	2633.02	231.78	241.38	S
2632.93	2639.33	231.78	241.38	S
2639.24	2641.91	231.78	241.38	 
2642.41	2648.81	231.78	241.38	P
2648.72	2655.13	231.78	241.38	A
2655.04	2661.97	231.78	241.38	N
2661.88	2668.29	231.78	241.38	E
2668.2	2673.53	231.78	241.38	L
2379.15	2387.14	244.43	254.03	M
2387.15	2392.48	244.43	254.03	8
2392.46	2395.12	244.43	254.03	 
2415.15	2421.55	244.43	254.03	P
2421.47	2427.88	244.43	254.03	A
2427.8	2434.73	244.43	254.03	N
2434.65	2440.52	244.43	254.03	T
2440.44	2447.37	244.43	254.03	R
2447.3	2453.7	244.43	254.03	Y
2453.63	2456.29	244.43	254.03	 
2455.72	2462.65	244.43	254.03	C
2462.58	2468.98	244.43	254.03	A
2468.9	2475.31	244.43	254.03	B
2475.23	2477.9	244.43	254.03	I
2477.82	2484.75	244.43	254.03	N
2484.68	2491.08	244.43	254.03	E
2491.0	2496.87	244.43	254.03	T
2379.15	2387.14	257.08	266.68	M
2387.15	2392.48	257.08	266.68	9
2392.46	2395.12	257.08	266.68	 
2415.15	2422.08	257.08	266.68	C
2422.06	2427.4	257.08	266.68	L
2427.39	2434.86	257.08	266.68	O
2434.85	2441.25	257.08	266.68	S
2441.24	2447.64	257.08	266.68	E
2447.63	2453.49	257.08	266.68	T
2453.48	2456.15	257.08	266.68	 
2456.11	2462.51	257.08	266.68	P
2462.5	2469.97	257.08	266.68	O
2469.95	2475.29	257.08	266.68	L
2475.28	2481.68	257.08	266.68	E
2481.67	2484.34	257.08	266.68	 
2483.88	2490.28	257.08	266.68	A
2490.27	2497.2	257.08	266.68	N
2497.19	2504.12	257.08	266.68	D
2504.11	2506.78	257.08	266.68	 
2506.79	2513.2	257.08	266.68	S
2513.18	2520.12	257.08	266.68	H
2520.1	2526.51	257.08	266.68	E
2526.49	2531.83	257.08	266.68	L
2531.82	2537.69	257.08	266.68	F
2379.15	2387.14	269.73	279.33	M
2387.15	2392.48	269.73	279.33	1
2392.46	2397.79	269.73	279.33	0
2397.78	2400.44	269.73	279.33	 
2415.15	2422.61	269.73	279.33	O
2422.58	2428.98	269.73	279.33	P
2428.95	2435.35	269.73	279.33	E
2435.32	2442.25	269.73	279.33	N
2442.22	2444.89	269.73	279.33	 
2445.03	2451.44	269.73	279.33	S
2451.4	2458.33	269.73	279.33	H
2458.3	2464.7	269.73	279.33	E
2464.67	2470.01	269.73	279.33	L
2469.97	2475.84	269.73	279.33	F
2475.8	2478.47	269.73	279.33	 
2478.63	2487.7	269.73	279.33	W
2487.66	2494.07	269.73	279.33	A
2494.03	2499.37	269.73	279.33	L
2499.33	2504.67	269.73	279.33	L
2504.64	2507.31	269.73	279.33	 
2506.67	2513.6	269.73	279.33	H
2513.56	2520.49	269.73	279.33	U
2520.46	2527.39	269.73	279.33	N
2527.36	2534.83	269.73	279.33	G
2534.79	2537.46	269.73	279.33	 
2537.58	2544.51	269.73	279.33	C
2544.47	2550.88	269.73	279.33	A
2550.84	2557.25	269.73	279.33	B
2557.21	2559.88	269.73	279.33	I
2559.85	2566.78	269.73	279.33	N
2566.75	2573.15	269.73	279.33	E
2573.12	2578.98	269.73	279.33	T
2379.15	2387.14	282.38	291.98	M
2387.15	2392.48	282.38	291.98	1
2392.11	2397.44	282.38	291.98	1
2397.07	2399.73	282.38	291.98	 
2415.15	2421.55	282.38	291.98	S
2421.51	2424.18	282.38	291.98	I
2424.13	2431.07	282.38	291.98	N
2431.02	2437.43	282.38	291.98	K
2437.39	2440.06	282.38	291.98	 
2440.23	2447.16	282.38	291.98	C
2447.12	2453.53	282.38	291.98	A
2453.49	2459.89	282.38	291.98	B
2459.85	2462.52	282.38	291.98	I
2462.47	2469.41	282.38	291.98	N
2469.36	2475.77	282.38	291.98	E
2475.73	2481.59	282.38	291.98	T
2481.55	2484.22	282.38	291.98	 
2484.39	2493.46	282.38	291.98	W
2493.41	2496.08	282.38	291.98	I
2496.04	2501.91	282.38	291.98	T
2501.87	2508.8	282.38	291.98	H
2508.76	2511.43	282.38	291.98	 
2511.21	2517.61	282.38	291.98	A
2517.57	2524.5	282.38	291.98	D
2524.46	2530.86	282.38	291.98	A
2530.82	2537.23	282.38	291.98	P
2537.19	2543.05	282.38	291.98	T
2543.01	2549.41	282.38	291.98	A
2549.37	2555.78	282.38	291.98	B
2555.73	2561.07	282.38	291.98	L
2561.03	2567.43	282.38	291.98	E
2567.39	2570.06	282.38	291.98	 
2569.77	2576.17	282.38	291.98	K
2576.13	2583.06	282.38	291.98	N
2583.02	2589.42	282.38	291.98	E
2589.38	2595.79	282.38	291.98	E
2595.75	2598.41	282.38	291.98	 
2598.06	2604.46	282.38	291.98	A
2604.42	2611.35	282.38	291.98	N
2611.31	2618.24	282.38	291.98	D
2618.2	2620.87	282.38	291.98	 
2620.78	2626.64	282.38	291.98	T
2626.6	2634.07	282.38	291.98	O
2634.03	2640.43	282.38	291.98	E
2640.39	2643.06	282.38	291.98	 
2643.11	2649.52	282.38	291.98	S
2649.48	2655.88	282.38	291.98	P
2655.84	2662.24	282.38	291.98	A
2662.2	2669.13	282.38	291.98	C
2669.09	2675.49	282.38	291.98	E
2674.93	2677.59	282.38	291.98	,
2677.61	2680.28	282.38	291.98	 
2680.3	2686.7	282.38	291.98	E
2686.7	2693.09	282.38	291.98	X
2693.09	2698.96	282.38	291.98	T
2698.95	2705.36	282.38	291.98	E
2705.36	2712.29	282.38	291.98	N
2712.29	2719.22	282.38	291.98	D
2719.22	2721.88	282.38	291.98	 
2721.9	2727.76	282.38	291.98	F
2727.76	2730.43	282.38	291.98	I
2730.43	2737.36	282.38	291.98	N
2737.36	2740.03	282.38	291.98	I
2740.02	2746.43	282.38	291.98	S
2746.43	2753.36	282.38	291.98	H
2753.36	2759.76	282.38	291.98	E
2759.76	2766.69	282.38	291.98	D
2415.15	2421.01	295.03	304.63	F
2420.97	2426.3	295.03	304.63	L
2426.26	2433.73	295.03	304.63	O
2433.69	2441.15	295.03	304.63	O
2441.11	2448.04	295.03	304.63	R
2448.0	2450.67	295.03	304.63	 
2450.73	2456.59	295.03	304.63	T
2456.55	2464.02	295.03	304.63	O
2463.98	2466.64	295.03	304.63	 
2466.67	2475.73	295.03	304.63	W
2475.68	2482.09	295.03	304.63	A
2482.04	2487.38	295.03	304.63	L
2487.34	2492.67	295.03	304.63	L
2492.4	2495.06	295.03	304.63	,
2495.08	2497.75	295.03	304.63	 
2497.78	2504.18	295.03	304.63	P
2504.18	2511.11	295.03	304.63	R
2511.12	2518.59	295.03	304.63	O
2518.59	2524.99	295.03	304.63	V
2525.0	2527.67	295.03	304.63	I
2527.67	2534.6	295.03	304.63	D
2534.61	2541.01	295.03	304.63	E
2541.01	2547.95	295.03	304.63	D
2547.95	2550.62	295.03	304.63	 
2550.58	2556.98	295.03	304.63	P
2556.98	2562.32	295.03	304.63	L
2562.32	2569.26	295.03	304.63	U
2569.26	2577.26	295.03	304.63	M
2577.26	2583.66	295.03	304.63	B
2583.67	2586.34	295.03	304.63	I
2586.34	2593.27	295.03	304.63	N
2593.28	2600.75	295.03	304.63	G
2600.75	2603.42	295.03	304.63	 
2603.38	2609.78	295.03	304.63	P
2609.78	2616.71	295.03	304.63	R
2616.72	2624.19	295.03	304.63	O
2624.19	2630.06	295.03	304.63	T
2630.06	2636.46	295.03	304.63	E
2636.47	2643.4	295.03	304.63	C
2643.4	2649.27	295.03	304.63	T
2649.27	2651.94	295.03	304.63	I
2651.95	2659.42	295.03	304.63	O
2659.42	2666.35	295.03	304.63	N
2666.36	2669.02	295.03	304.63	 
2669.17	2672.36	295.03	304.63	(
2672.37	2677.7	295.03	304.63	1
2677.68	2683.02	295.03	304.63	4
2682.99	2685.65	295.03	304.63	/
2685.68	2692.61	295.03	304.63	A
2692.34	2697.67	295.03	304.63	1
2697.66	2703.0	295.03	304.63	3
2702.98	2705.65	295.03	304.63	.
2705.64	2710.97	295.03	304.63	1
2710.96	2714.15	295.03	304.63	)
2379.15	2387.14	307.68	317.28	M
2387.15	2392.48	307.68	317.28	1
2392.46	2397.79	307.68	317.28	2
2397.78	2400.44	307.68	317.28	 
2415.15	2424.21	307.68	317.28	W
2424.15	2430.55	307.68	317.28	A
2430.49	2435.83	307.68	317.28	L
2435.77	2441.1	307.68	317.28	L
2441.04	2443.71	307.68	317.28	 
2443.18	2450.11	307.68	317.28	H
2450.05	2456.98	307.68	317.28	U
2456.92	2463.85	307.68	317.28	N
2463.79	2471.26	307.68	317.28	G
2471.2	2473.87	307.68	317.28	 
2474.09	2481.02	307.68	317.28	C
2480.96	2488.43	307.68	317.28	O
2488.37	2495.3	307.68	317.28	U
2495.24	2502.17	307.68	317.28	N
2502.11	2507.97	307.68	317.28	T
2507.91	2514.32	307.68	317.28	E
2514.26	2521.19	307.68	317.28	R
2521.13	2526.99	307.68	317.28	T
2526.93	2534.4	307.68	317.28	O
2534.34	2540.74	307.68	317.28	P
2379.15	2387.14	320.33	329.93	M
2387.15	2392.48	320.33	329.93	1
2392.46	2397.79	320.33	329.93	3
2397.78	2400.44	320.33	329.93	 
2415.15	2424.21	320.33	329.93	W
2424.16	2431.63	320.33	329.93	O
2431.57	2438.51	320.33	329.93	R
2438.45	2444.86	320.33	329.93	K
2444.81	2447.47	320.33	329.93	 
2447.72	2454.12	320.33	329.93	S
2454.07	2461.0	320.33	329.93	U
2460.95	2467.88	320.33	329.93	R
2467.83	2473.7	320.33	329.93	F
2473.65	2480.05	320.33	329.93	A
2480.0	2486.93	320.33	329.93	C
2486.88	2493.28	320.33	329.93	E
2493.23	2495.9	320.33	329.93	 
2495.72	2504.78	320.33	329.93	W
2504.73	2507.4	320.33	329.93	I
2507.35	2513.22	320.33	329.93	T
2513.16	2520.1	320.33	329.93	H
2520.04	2522.71	320.33	329.93	 
2522.54	2528.94	320.33	329.93	A
2528.89	2535.82	320.33	329.93	D
2535.77	2542.17	320.33	329.93	A
2542.12	2548.52	320.33	329.93	P
2548.47	2554.34	320.33	329.93	T
2554.29	2560.69	320.33	329.93	A
2560.64	2567.04	320.33	329.93	B
2566.99	2572.33	320.33	329.93	L
2572.28	2578.68	320.33	329.93	E
2578.63	2581.3	320.33	329.93	 
2581.1	2587.5	320.33	329.93	K
2587.45	2594.38	320.33	329.93	N
2594.33	2600.73	320.33	329.93	E
2600.68	2607.08	320.33	329.93	E
2607.03	2609.7	320.33	329.93	 
2609.39	2615.79	320.33	329.93	A
2615.74	2622.67	320.33	329.93	N
2622.62	2629.55	320.33	329.93	D
2629.5	2632.17	320.33	329.93	 
2632.11	2637.97	320.33	329.93	T
2637.92	2645.39	320.33	329.93	O
2645.34	2651.74	320.33	329.93	E
2651.69	2654.36	320.33	329.93	 
2654.44	2660.84	320.33	329.93	S
2660.79	2667.2	320.33	329.93	P
2667.15	2673.55	320.33	329.93	A
2673.5	2680.43	320.33	329.93	C
2680.38	2686.78	320.33	329.93	E
2686.26	2688.92	320.33	329.93	,
2688.94	2691.61	320.33	329.93	 
2691.63	2698.03	320.33	329.93	E
2698.03	2704.42	320.33	329.93	X
2704.42	2710.28	320.33	329.93	T
2710.28	2716.68	320.33	329.93	E
2716.68	2723.61	320.33	329.93	N
2723.61	2730.54	320.33	329.93	D
2415.15	2421.01	332.98	342.58	F
2420.99	2423.65	332.98	342.58	I
2423.63	2430.56	332.98	342.58	N
2430.53	2433.2	332.98	342.58	I
2433.18	2439.58	332.98	342.58	S
2439.55	2446.49	332.98	342.58	H
2446.46	2452.86	332.98	342.58	E
2452.84	2459.77	332.98	342.58	D
2459.74	2462.41	332.98	342.58	 
2462.63	2468.5	332.98	342.58	F
2468.47	2473.81	332.98	342.58	L
2473.79	2481.25	332.98	342.58	O
2481.23	2488.7	332.98	342.58	O
2488.67	2495.6	332.98	342.58	R
2495.58	2498.25	332.98	342.58	 
2498.22	2504.08	332.98	342.58	T
2504.06	2511.53	332.98	342.58	O
2511.5	2514.17	332.98	342.58	 
2514.15	2523.22	332.98	342.58	W
2523.19	2529.59	332.98	342.58	A
2529.57	2534.91	332.98	342.58	L
2534.88	2540.22	332.98	342.58	L
2539.89	2542.55	332.98	342.58	 
2542.58	2545.77	332.98	342.58	(
2545.78	2551.11	332.98	342.58	1
2551.09	2556.43	332.98	342.58	4
2556.4	2559.06	332.98	342.58	/
2559.09	2566.02	332.98	342.58	A
2565.74	2571.07	332.98	342.58	1
2571.06	2576.4	332.98	342.58	3
2576.38	2579.05	332.98	342.58	.
2579.04	2584.37	332.98	342.58	1
2584.37	2587.56	332.98	342.58	)
2379.15	2387.14	345.63	355.23	M
2387.15	2392.48	345.63	355.23	1
2392.46	2397.79	345.63	355.23	4
2397.78	2400.44	345.63	355.23	 
2415.15	2420.48	345.63	355.23	L
2420.42	2426.82	345.63	355.23	A
2426.76	2433.17	345.63	355.23	V
2433.1	2435.77	345.63	355.23	 
2435.24	2442.17	345.63	355.23	C
2442.11	2448.51	345.63	355.23	A
2448.45	2454.86	345.63	355.23	B
2454.79	2457.46	345.63	355.23	I
2457.4	2464.33	345.63	355.23	N
2464.27	2470.67	345.63	355.23	E
2470.61	2476.48	345.63	355.23	T
2476.42	2479.09	345.63	355.23	 
2479.4	2488.46	345.63	355.23	W
2488.4	2491.07	345.63	355.23	I
2491.01	2496.88	345.63	355.23	T
2496.81	2503.74	345.63	355.23	H
2503.68	2506.35	345.63	355.23	 
2506.22	2512.62	345.63	355.23	A
2512.56	2519.49	345.63	355.23	D
2519.43	2525.83	345.63	355.23	A
2525.77	2532.17	345.63	355.23	P
2532.11	2537.98	345.63	355.23	T
2537.92	2544.32	345.63	355.23	A
2544.26	2550.66	345.63	355.23	B
2550.6	2555.94	345.63	355.23	L
2555.88	2562.28	345.63	355.23	E
2562.22	2564.89	345.63	355.23	 
2564.78	2571.18	345.63	355.23	K
2571.12	2578.05	345.63	355.23	N
2577.99	2584.39	345.63	355.23	E
2584.33	2590.73	345.63	355.23	E
2590.67	2593.34	345.63	355.23	 
2593.07	2599.47	345.63	355.23	A
2599.41	2606.34	345.63	355.23	N
2606.28	2613.21	345.63	355.23	D
2613.15	2615.82	345.63	355.23	 
2615.79	2621.65	345.63	355.23	T
2621.59	2629.06	345.63	355.23	O
2629.0	2635.4	345.63	355.23	E
2635.34	2638.01	345.63	355.23	 
2638.12	2644.52	345.63	355.23	S
2644.46	2650.87	345.63	355.23	P
2650.81	2657.21	345.63	355.23	A
2657.15	2664.08	345.63	355.23	C
2664.02	2670.42	345.63	355.23	E
2669.94	2672.6	345.63	355.23	,
2672.62	2675.29	345.63	355.23	 
2675.31	2681.71	345.63	355.23	E
2681.71	2688.1	345.63	355.23	X
2688.1	2693.97	345.63	355.23	T
2693.96	2700.37	345.63	355.23	E
2700.37	2707.3	345.63	355.23	N
2707.3	2714.23	345.63	355.23	D
2714.23	2716.89	345.63	355.23	 
2716.91	2722.77	345.63	355.23	F
2722.77	2725.44	345.63	355.23	I
2725.44	2732.37	345.63	355.23	N
2732.37	2735.04	345.63	355.23	I
2735.03	2741.44	345.63	355.23	S
2741.44	2748.37	345.63	355.23	H
2748.37	2754.77	345.63	355.23	E
2754.77	2761.7	345.63	355.23	D
2415.15	2421.01	358.28	367.88	F
2420.97	2426.3	358.28	367.88	L
2426.26	2433.73	358.28	367.88	O
2433.69	2441.15	358.28	367.88	O
2441.11	2448.04	358.28	367.88	R
2448.0	2450.67	358.28	367.88	 
2450.73	2456.59	358.28	367.88	T
2456.55	2464.02	358.28	367.88	O
2463.98	2466.64	358.28	367.88	 
2466.67	2475.73	358.28	367.88	W
2475.68	2482.09	358.28	367.88	A
2482.04	2487.38	358.28	367.88	L
2487.34	2492.67	358.28	367.88	L
2492.4	2495.06	358.28	367.88	,
2495.08	2497.75	358.28	367.88	 
2497.78	2504.18	358.28	367.88	P
2504.18	2511.11	358.28	367.88	R
2511.12	2518.59	358.28	367.88	O
2518.59	2524.99	358.28	367.88	V
2525.0	2527.67	358.28	367.88	I
2527.67	2534.6	358.28	367.88	D
2534.61	2541.01	358.28	367.88	E
2541.01	2547.95	358.28	367.88	D
2547.95	2550.62	358.28	367.88	 
2550.58	2556.98	358.28	367.88	P
2556.98	2562.32	358.28	367.88	L
2562.32	2569.26	358.28	367.88	U
2569.26	2577.26	358.28	367.88	M
2577.26	2583.66	358.28	367.88	B
2583.67	2586.34	358.28	367.88	I
2586.34	2593.27	358.28	367.88	N
2593.28	2600.75	358.28	367.88	G
2600.75	2603.42	358.28	367.88	 
2603.38	2609.78	358.28	367.88	P
2609.78	2616.71	358.28	367.88	R
2616.72	2624.19	358.28	367.88	O
2624.19	2630.06	358.28	367.88	T
2630.06	2636.46	358.28	367.88	E
2636.47	2643.4	358.28	367.88	C
2643.4	2649.27	358.28	367.88	T
2649.27	2651.94	358.28	367.88	I
2651.95	2659.42	358.28	367.88	O
2659.42	2666.35	358.28	367.88	N
2666.36	2669.02	358.28	367.88	 
2669.17	2672.36	358.28	367.88	(
2672.37	2677.7	358.28	367.88	1
2677.68	2683.02	358.28	367.88	5
2682.99	2685.65	358.28	367.88	/
2685.68	2692.61	358.28	367.88	A
2692.34	2697.67	358.28	367.88	1
2697.66	2703.0	358.28	367.88	3
2702.98	2705.65	358.28	367.88	.
2705.64	2710.97	358.28	367.88	1
2710.96	2714.15	358.28	367.88	)
2379.15	2385.01	383.58	393.18	T
2384.94	2392.41	383.58	393.18	O
2392.34	2395.01	383.58	393.18	I
2394.93	2400.8	383.58	393.18	L
2400.73	2407.13	383.58	393.18	E
2407.06	2412.93	383.58	393.18	T
2412.86	2415.52	383.58	393.18	 
2415.5	2422.43	383.58	393.18	A
2422.36	2429.29	383.58	393.18	N
2429.22	2436.15	383.58	393.18	D
2436.08	2438.75	383.58	393.18	 
2438.67	2445.6	383.58	393.18	B
2445.53	2452.46	383.58	393.18	A
2452.39	2458.25	383.58	393.18	T
2458.18	2465.11	383.58	393.18	H
2465.04	2467.71	383.58	393.18	 
2466.63	2473.56	383.58	393.18	A
2473.49	2480.42	383.58	393.18	C
2480.35	2487.28	383.58	393.18	C
2487.21	2493.62	383.58	393.18	E
2493.55	2499.95	383.58	393.18	S
2499.88	2506.28	383.58	393.18	S
2506.21	2513.68	383.58	393.18	O
2513.61	2520.54	383.58	393.18	R
2520.47	2523.14	383.58	393.18	I
2523.06	2529.47	383.58	393.18	E
2529.4	2535.8	383.58	393.18	S
2379.15	2385.55	396.23	405.83	S
2385.43	2391.84	396.23	405.83	E
2391.72	2398.12	396.23	405.83	E
2398.01	2400.68	396.23	405.83	 
2401.03	2407.96	396.23	405.83	D
2407.85	2414.25	396.23	405.83	E
2414.14	2420.0	396.23	405.83	T
2419.89	2426.29	396.23	405.83	A
2426.17	2428.84	396.23	405.83	I
2428.73	2434.06	396.23	405.83	L
2433.95	2436.62	396.23	405.83	 
2436.3	2441.63	396.23	405.83	1
2441.61	2446.94	396.23	405.83	6
2446.93	2449.59	396.23	405.83	/
2449.62	2456.55	396.23	405.83	A
2456.27	2461.6	396.23	405.83	1
2461.58	2466.91	396.23	405.83	3
2466.9	2469.56	396.23	405.83	.
2469.58	2474.91	396.23	405.83	1
2474.9	2477.56	396.23	405.83	 
2477.58	2483.44	396.23	405.83	F
2483.44	2490.91	396.23	405.83	O
2490.91	2497.84	396.23	405.83	R
2497.84	2500.51	396.23	405.83	 
2500.55	2507.48	396.23	405.83	R
2507.48	2513.89	396.23	405.83	E
2513.89	2521.35	396.23	405.83	Q
2521.35	2528.28	396.23	405.83	U
2528.28	2530.95	396.23	405.83	I
2530.95	2537.88	396.23	405.83	R
2537.88	2544.29	396.23	405.83	E
2544.29	2551.22	396.23	405.83	D
2551.22	2553.89	396.23	405.83	 
2553.86	2561.86	396.23	405.83	M
2561.86	2569.33	396.23	405.83	O
2569.33	2576.26	396.23	405.83	U
2576.26	2583.19	396.23	405.83	N
2583.19	2589.06	396.23	405.83	T
2589.06	2591.72	396.23	405.83	I
2591.72	2598.66	396.23	405.83	N
2598.65	2606.12	396.23	405.83	G
2606.12	2608.79	396.23	405.83	 
2608.9	2615.83	396.23	405.83	H
2615.83	2622.24	396.23	405.83	E
2622.24	2624.91	396.23	405.83	I
2624.91	2632.37	396.23	405.83	G
2632.37	2639.31	396.23	405.83	H
2639.31	2645.17	396.23	405.83	T
2645.17	2651.57	396.23	405.83	S
2651.57	2654.24	396.23	405.83	 
2653.83	2660.23	396.23	405.83	A
2660.23	2667.17	396.23	405.83	N
2667.17	2674.1	396.23	405.83	D
2674.1	2676.77	396.23	405.83	 
2676.74	2683.67	396.23	405.83	C
2683.67	2689.01	396.23	405.83	L
2689.01	2695.42	396.23	405.83	E
2695.41	2701.82	396.23	405.83	A
2701.82	2708.75	396.23	405.83	R
2708.75	2715.15	396.23	405.83	A
2715.15	2722.08	396.23	405.83	N
2722.08	2729.01	396.23	405.83	C
2729.01	2735.42	396.23	405.83	E
2735.42	2741.82	396.23	405.83	S
2379.15	2385.55	408.88	418.48	A
2385.55	2390.88	408.88	418.48	1
2390.86	2393.52	408.88	418.48	 
2415.15	2421.01	408.88	418.48	T
2420.95	2428.42	408.88	418.48	O
2428.36	2431.03	408.88	418.48	I
2430.97	2436.31	408.88	418.48	L
2436.25	2442.65	408.88	418.48	E
2442.59	2448.46	408.88	418.48	T
2448.4	2451.07	408.88	418.48	 
2451.24	2457.64	408.88	418.48	P
2457.59	2463.99	408.88	418.48	A
2463.93	2470.33	408.88	418.48	P
2470.27	2476.68	408.88	418.48	E
2476.62	2483.55	408.88	418.48	R
2483.49	2486.16	408.88	418.48	 
2485.74	2492.67	408.88	418.48	H
2492.61	2500.08	408.88	418.48	O
2500.02	2505.36	408.88	418.48	L
2505.3	2512.23	408.88	418.48	D
2512.17	2518.57	408.88	418.48	E
2518.51	2525.45	408.88	418.48	R
2379.15	2385.55	421.53	431.13	A
2385.55	2390.88	421.53	431.13	2
2390.86	2393.52	421.53	431.13	 
2415.15	2422.08	421.53	431.13	R
2422.02	2428.43	421.53	431.13	E
2428.37	2435.31	421.53	431.13	C
2435.25	2441.66	421.53	431.13	E
2441.6	2448.01	421.53	431.13	S
2447.95	2454.36	421.53	431.13	S
2454.3	2460.71	421.53	431.13	E
2460.65	2467.59	421.53	431.13	D
2467.53	2470.2	421.53	431.13	 
2470.57	2476.97	421.53	431.13	P
2476.92	2483.32	421.53	431.13	A
2483.27	2489.67	421.53	431.13	P
2489.62	2496.02	421.53	431.13	E
2495.97	2502.9	421.53	431.13	R
2502.85	2505.52	421.53	431.13	 
2504.87	2510.74	421.53	431.13	T
2510.69	2518.15	421.53	431.13	O
2518.1	2527.16	421.53	431.13	W
2527.11	2533.51	421.53	431.13	E
2533.46	2538.8	421.53	431.13	L
2538.75	2541.42	421.53	431.13	 
2541.23	2548.16	421.53	431.13	D
2548.1	2550.77	421.53	431.13	I
2550.72	2557.12	421.53	431.13	S
2557.07	2563.47	421.53	431.13	P
2563.42	2569.82	421.53	431.13	E
2569.77	2576.7	421.53	431.13	N
2576.65	2583.05	421.53	431.13	S
2583.0	2589.4	421.53	431.13	E
2589.35	2596.28	421.53	431.13	R
2596.23	2598.9	421.53	431.13	 
2598.83	2605.23	421.53	431.13	A
2605.18	2612.11	421.53	431.13	N
2612.05	2618.99	421.53	431.13	D
2618.93	2621.6	421.53	431.13	 
2621.74	2630.8	421.53	431.13	W
2630.75	2637.15	421.53	431.13	A
2637.1	2643.5	421.53	431.13	S
2643.45	2649.31	421.53	431.13	T
2649.26	2655.66	421.53	431.13	E
2655.61	2658.28	421.53	431.13	 
2658.28	2665.21	421.53	431.13	R
2665.16	2671.56	421.53	431.13	E
2671.51	2678.44	421.53	431.13	C
2678.39	2684.79	421.53	431.13	E
2684.74	2691.14	421.53	431.13	P
2691.09	2696.96	421.53	431.13	T
2696.9	2703.31	421.53	431.13	A
2703.25	2710.18	421.53	431.13	C
2710.13	2715.47	421.53	431.13	L
2715.42	2721.82	421.53	431.13	E
2379.15	2385.55	434.18	443.78	A
2385.55	2390.88	434.18	443.78	3
2390.86	2393.52	434.18	443.78	 
2415.15	2421.55	434.18	443.78	S
2421.5	2427.9	434.18	443.78	E
2427.85	2434.25	434.18	443.78	A
2434.2	2440.07	434.18	443.78	T
2440.02	2442.69	434.18	443.78	 
2442.09	2449.02	434.18	443.78	C
2448.97	2456.44	434.18	443.78	O
2456.39	2462.79	434.18	443.78	V
2462.74	2469.15	434.18	443.78	E
2469.1	2476.03	434.18	443.78	R
2475.98	2478.65	434.18	443.78	 
2478.89	2485.82	434.18	443.78	D
2485.77	2488.44	434.18	443.78	I
2488.39	2494.79	434.18	443.78	S
2494.74	2501.15	434.18	443.78	P
2501.1	2507.5	434.18	443.78	E
2507.45	2514.38	434.18	443.78	N
2514.33	2520.73	434.18	443.78	S
2520.68	2527.09	434.18	443.78	E
2527.04	2533.97	434.18	443.78	R
2379.15	2385.55	446.83	456.43	A
2385.55	2390.88	446.83	456.43	4
2390.86	2393.52	446.83	456.43	 
2415.15	2420.48	446.83	456.43	3
2420.46	2425.79	446.83	456.43	6
2425.78	2429.18	446.83	456.43	""""
2429.17	2431.84	446.83	456.43	 
2431.86	2437.19	446.83	456.43	L
2437.17	2439.83	446.83	456.43	.
2439.85	2442.52	446.83	456.43	 
2442.54	2450.0	446.83	456.43	G
2450.0	2456.93	446.83	456.43	R
2456.93	2463.33	446.83	456.43	A
2463.32	2469.73	446.83	456.43	B
2469.72	2472.39	446.83	456.43	 
2472.42	2478.83	446.83	456.43	B
2478.82	2485.23	446.83	456.43	A
2485.22	2492.15	446.83	456.43	R
2379.15	2385.55	459.48	469.08	A
2385.55	2390.88	459.48	469.08	5
2390.86	2393.52	459.48	469.08	 
2415.15	2420.48	459.48	469.08	4
2420.46	2425.79	459.48	469.08	8
2425.78	2429.18	459.48	469.08	""""
2429.17	2431.84	459.48	469.08	 
2431.86	2437.19	459.48	469.08	L
2437.17	2439.83	459.48	469.08	.
2439.85	2442.52	459.48	469.08	 
2442.54	2450.0	459.48	469.08	G
2450.0	2456.93	459.48	469.08	R
2456.93	2463.33	459.48	469.08	A
2463.32	2469.73	459.48	469.08	B
2469.72	2472.39	459.48	469.08	 
2472.42	2478.83	459.48	469.08	B
2478.82	2485.23	459.48	469.08	A
2485.22	2492.15	459.48	469.08	R
2379.15	2385.55	472.13	481.73	A
2385.55	2390.88	472.13	481.73	6
2390.86	2393.52	472.13	481.73	 
2415.15	2423.14	472.13	481.73	M
2423.14	2425.81	472.13	481.73	I
2425.81	2432.74	472.13	481.73	R
2432.73	2439.67	472.13	481.73	R
2439.66	2447.13	472.13	481.73	O
2447.13	2454.06	472.13	481.73	R
2454.06	2456.73	472.13	481.73	 
2456.75	2459.94	472.13	481.73	-
2459.95	2462.61	472.13	481.73	 
2462.64	2469.04	472.13	481.73	B
2469.0	2476.47	472.13	481.73	O
2476.43	2482.29	472.13	481.73	T
2482.25	2488.12	472.13	481.73	T
2488.08	2495.54	472.13	481.73	O
2495.5	2503.5	472.13	481.73	M
2503.46	2506.13	472.13	481.73	 
2506.41	2512.81	472.13	481.73	E
2512.77	2519.71	472.13	481.73	D
2519.66	2527.13	472.13	481.73	G
2527.09	2533.5	472.13	481.73	E
2533.45	2536.12	472.13	481.73	 
2536.3	2543.77	472.13	481.73	O
2543.73	2549.59	472.13	481.73	F
2549.55	2552.22	472.13	481.73	 
2552.36	2559.29	472.13	481.73	R
2559.25	2565.66	472.13	481.73	E
2565.62	2571.48	472.13	481.73	F
2571.44	2576.78	472.13	481.73	L
2576.74	2583.14	472.13	481.73	E
2583.1	2590.03	472.13	481.73	C
2589.99	2595.86	472.13	481.73	T
2595.82	2598.48	472.13	481.73	I
2598.44	2604.85	472.13	481.73	V
2604.81	2611.21	472.13	481.73	E
2611.17	2613.84	472.13	481.73	 
2614.32	2620.72	472.13	481.73	S
2620.68	2627.61	472.13	481.73	U
2627.57	2634.5	472.13	481.73	R
2634.46	2640.32	472.13	481.73	F
2640.28	2646.69	472.13	481.73	A
2646.65	2653.58	472.13	481.73	C
2653.54	2659.94	472.13	481.73	E
2659.9	2662.57	472.13	481.73	 
2661.8	2668.21	472.13	481.73	A
2668.17	2674.03	472.13	481.73	T
2673.99	2676.66	472.13	481.73	 
2675.95	2681.28	472.13	481.73	4
2681.26	2686.6	472.13	481.73	0
2686.58	2689.98	472.13	481.73	""""
2689.97	2692.64	472.13	481.73	 
2692.66	2700.65	472.13	481.73	M
2700.65	2707.05	472.13	481.73	A
2707.05	2713.44	472.13	481.73	X
2713.44	2716.11	472.13	481.73	 
2715.57	2721.97	472.13	481.73	A
2721.97	2727.83	472.13	481.73	F
2727.83	2733.7	472.13	481.73	F
2379.15	2385.55	484.78	494.38	A
2385.55	2390.88	484.78	494.38	7
2390.86	2393.52	484.78	494.38	 
2415.15	2422.08	484.78	494.38	R
2422.07	2428.48	484.78	494.38	E
2428.48	2435.41	484.78	494.38	C
2435.41	2441.81	484.78	494.38	E
2441.81	2448.21	484.78	494.38	S
2448.21	2454.61	484.78	494.38	S
2454.61	2461.01	484.78	494.38	E
2461.01	2467.94	484.78	494.38	D
2467.94	2470.61	484.78	494.38	 
2470.57	2478.57	484.78	494.38	M
2478.56	2484.97	484.78	494.38	E
2484.97	2491.9	484.78	494.38	D
2491.9	2494.56	484.78	494.38	I
2494.56	2501.49	484.78	494.38	C
2501.49	2504.16	484.78	494.38	I
2504.16	2511.09	484.78	494.38	N
2511.09	2517.49	484.78	494.38	E
2517.49	2520.16	484.78	494.38	 
2520.17	2527.1	484.78	494.38	C
2527.1	2533.5	484.78	494.38	A
2533.5	2539.9	484.78	494.38	B
2539.9	2542.57	484.78	494.38	I
2542.57	2549.5	484.78	494.38	N
2549.5	2555.9	484.78	494.38	E
2555.9	2561.77	484.78	494.38	T
2379.15	2385.55	497.43	507.03	A
2385.55	2390.88	497.43	507.03	8
2390.86	2393.52	497.43	507.03	 
2415.15	2420.48	497.43	507.03	1
2420.46	2425.79	497.43	507.03	8
2425.78	2429.18	497.43	507.03	""""
2429.17	2431.84	497.43	507.03	 
2431.86	2437.72	497.43	507.03	T
2437.66	2445.13	497.43	507.03	O
2445.06	2454.13	497.43	507.03	W
2454.06	2460.47	497.43	507.03	E
2460.41	2465.74	497.43	507.03	L
2465.68	2468.35	497.43	507.03	 
2468.21	2474.61	497.43	507.03	B
2474.55	2480.95	497.43	507.03	A
2480.89	2487.82	497.43	507.03	R
2487.76	2490.43	497.43	507.03	 
2490.61	2493.8	497.43	507.03	-
2493.81	2496.47	497.43	507.03	 
2496.5	2502.9	497.43	507.03	B
2502.83	2510.3	497.43	507.03	O
2510.23	2516.1	497.43	507.03	T
2516.03	2521.9	497.43	507.03	T
2521.83	2529.3	497.43	507.03	O
2529.23	2537.23	497.43	507.03	M
2537.16	2539.83	497.43	507.03	 
2540.27	2546.67	497.43	507.03	E
2546.61	2553.54	497.43	507.03	D
2553.47	2560.94	497.43	507.03	G
2560.87	2567.28	497.43	507.03	E
2567.21	2569.88	497.43	507.03	 
2569.65	2576.05	497.43	507.03	A
2575.98	2581.85	497.43	507.03	T
2581.78	2584.45	497.43	507.03	 
2583.79	2589.12	497.43	507.03	4
2589.1	2594.44	497.43	507.03	0
2594.42	2597.82	497.43	507.03	""""
2597.81	2600.48	497.43	507.03	 
2600.5	2608.49	497.43	507.03	M
2608.49	2614.89	497.43	507.03	A
2614.89	2621.28	497.43	507.03	X
2621.28	2623.95	497.43	507.03	 
2623.41	2629.81	497.43	507.03	A
2629.81	2635.67	497.43	507.03	F
2635.67	2641.54	497.43	507.03	F
2379.15	2385.55	510.08	519.68	A
2385.55	2390.88	510.08	519.68	9
2390.86	2393.52	510.08	519.68	 
2415.15	2420.48	510.08	519.68	2
2420.46	2425.79	510.08	519.68	4
2425.78	2429.18	510.08	519.68	""""
2429.17	2431.84	510.08	519.68	 
2431.86	2437.19	510.08	519.68	L
2437.17	2439.83	510.08	519.68	.
2439.85	2442.52	510.08	519.68	 
2442.54	2450.0	510.08	519.68	G
2450.0	2456.93	510.08	519.68	R
2456.93	2463.33	510.08	519.68	A
2463.32	2469.73	510.08	519.68	B
2469.72	2472.39	510.08	519.68	 
2472.42	2478.83	510.08	519.68	B
2478.82	2485.23	510.08	519.68	A
2485.22	2492.15	510.08	519.68	R
2379.15	2385.55	535.38	544.98	P
2385.55	2391.42	535.38	544.98	L
2391.42	2398.35	535.38	544.98	U
2398.35	2406.34	535.38	544.98	M
2406.34	2413.27	535.38	544.98	B
2413.27	2415.94	535.38	544.98	I
2415.94	2422.87	535.38	544.98	N
2422.88	2430.35	535.38	544.98	G
2430.35	2433.02	535.38	544.98	 
2433.03	2438.9	535.38	544.98	F
2438.9	2441.57	535.38	544.98	I
2441.57	2447.97	535.38	544.98	X
2447.98	2453.84	535.38	544.98	T
2453.84	2460.77	535.38	544.98	U
2460.78	2467.71	535.38	544.98	R
2467.71	2474.11	535.38	544.98	E
2474.11	2480.52	535.38	544.98	S
2379.15	2385.55	548.03	557.63	P
2385.55	2390.88	548.03	557.63	1
2390.86	2393.52	548.03	557.63	 
2415.15	2424.21	548.03	557.63	W
2424.17	2430.57	548.03	557.63	A
2430.53	2436.39	548.03	557.63	T
2436.35	2442.75	548.03	557.63	E
2442.71	2449.64	548.03	557.63	R
2449.6	2456.0	548.03	557.63	S
2455.96	2462.36	548.03	557.63	E
2462.32	2469.25	548.03	557.63	N
2469.21	2475.61	548.03	557.63	S
2475.57	2481.97	548.03	557.63	E
2481.93	2484.6	548.03	557.63	 
2483.5	2489.9	548.03	557.63	A
2489.86	2496.79	548.03	557.63	C
2496.75	2503.68	548.03	557.63	C
2503.64	2510.04	548.03	557.63	E
2510.0	2516.4	548.03	557.63	S
2516.36	2522.76	548.03	557.63	S
2522.72	2525.39	548.03	557.63	I
2525.34	2531.75	548.03	557.63	B
2531.7	2537.04	548.03	557.63	L
2537.0	2543.4	548.03	557.63	E
2543.36	2546.03	548.03	557.63	 
2546.22	2552.08	548.03	557.63	T
2552.04	2559.51	548.03	557.63	O
2559.47	2562.14	548.03	557.63	I
2562.09	2567.43	548.03	557.63	L
2567.39	2573.79	548.03	557.63	E
2573.75	2579.61	548.03	557.63	T
2379.15	2385.55	560.68	570.28	P
2385.55	2390.88	560.68	570.28	2
2390.86	2393.52	560.68	570.28	 
2415.15	2424.21	560.68	570.28	W
2424.13	2430.53	560.68	570.28	A
2430.45	2436.32	560.68	570.28	T
2436.24	2442.64	560.68	570.28	E
2442.56	2449.5	560.68	570.28	R
2449.42	2455.82	560.68	570.28	S
2455.74	2462.15	560.68	570.28	E
2462.07	2469.0	560.68	570.28	N
2468.92	2475.32	560.68	570.28	S
2475.24	2481.65	560.68	570.28	E
2481.57	2484.24	560.68	570.28	 
2483.5	2489.9	560.68	570.28	A
2489.82	2496.75	560.68	570.28	C
2496.67	2503.61	560.68	570.28	C
2503.53	2509.93	560.68	570.28	E
2509.85	2516.25	560.68	570.28	S
2516.18	2522.58	560.68	570.28	S
2522.5	2525.17	560.68	570.28	I
2525.09	2531.49	560.68	570.28	B
2531.42	2536.75	560.68	570.28	L
2536.67	2543.08	560.68	570.28	E
2543.0	2545.67	560.68	570.28	 
2546.41	2551.75	560.68	570.28	L
2551.67	2558.07	560.68	570.28	A
2557.99	2564.4	560.68	570.28	V
2564.32	2566.99	560.68	570.28	 
2566.51	2572.37	560.68	570.28	F
2572.29	2578.7	560.68	570.28	A
2578.62	2585.55	560.68	570.28	U
2585.47	2592.4	560.68	570.28	C
2592.32	2598.73	560.68	570.28	E
2598.65	2604.51	560.68	570.28	T
2379.15	2385.55	573.33	582.93	P
2385.55	2390.88	573.33	582.93	3
2390.86	2393.52	573.33	582.93	 
2415.15	2421.55	573.33	582.93	A
2421.41	2428.34	573.33	582.93	C
2428.2	2435.13	573.33	582.93	C
2434.99	2441.39	573.33	582.93	E
2441.25	2447.65	573.33	582.93	S
2447.51	2453.92	573.33	582.93	S
2453.77	2456.44	573.33	582.93	I
2456.3	2462.71	573.33	582.93	B
2462.56	2467.9	573.33	582.93	L
2467.76	2474.16	573.33	582.93	E
2474.02	2476.69	573.33	582.93	 
2478.06	2483.39	573.33	582.93	L
2483.25	2489.66	573.33	582.93	A
2489.52	2495.92	573.33	582.93	V
2495.78	2502.18	573.33	582.93	A
2502.04	2507.91	573.33	582.93	T
2507.77	2515.23	573.33	582.93	O
2515.09	2522.02	573.33	582.93	R
2521.88	2528.29	573.33	582.93	Y
2528.15	2530.81	573.33	582.93	 
2529.32	2538.38	573.33	582.93	W
2538.42	2541.08	573.33	582.93	/
2541.1	2550.16	573.33	582.93	W
2550.1	2556.5	573.33	582.93	A
2556.44	2562.31	573.33	582.93	T
2562.25	2568.65	573.33	582.93	E
2568.59	2575.52	573.33	582.93	R
2575.46	2581.87	573.33	582.93	S
2581.81	2588.21	573.33	582.93	E
2588.15	2595.08	573.33	582.93	N
2595.02	2601.43	573.33	582.93	S
2601.37	2607.77	573.33	582.93	E
2607.71	2610.38	573.33	582.93	 
2609.45	2615.85	573.33	582.93	A
2615.79	2622.72	573.33	582.93	C
2622.66	2629.59	573.33	582.93	C
2629.53	2635.94	573.33	582.93	E
2635.88	2642.28	573.33	582.93	S
2642.22	2648.63	573.33	582.93	S
2648.57	2651.24	573.33	582.93	I
2651.18	2657.58	573.33	582.93	B
2657.52	2662.86	573.33	582.93	L
2662.8	2669.2	573.33	582.93	E
2669.14	2671.81	573.33	582.93	 
2672.36	2678.23	573.33	582.93	F
2678.17	2684.57	573.33	582.93	A
2684.51	2691.44	573.33	582.93	U
2691.38	2698.31	573.33	582.93	C
2698.25	2704.66	573.33	582.93	E
2704.6	2710.46	573.33	582.93	T
2379.15	2385.55	585.98	595.58	P
2385.55	2390.88	585.98	595.58	4
2390.86	2393.52	585.98	595.58	 
2415.15	2421.55	585.98	595.58	S
2421.55	2424.22	585.98	595.58	I
2424.22	2431.16	585.98	595.58	N
2431.16	2437.56	585.98	595.58	K
2437.57	2440.24	585.98	595.58	 
2440.23	2449.3	585.98	595.58	W
2449.33	2451.99	585.98	595.58	/
2452.02	2461.08	585.98	595.58	W
2461.02	2467.42	585.98	595.58	A
2467.36	2473.23	585.98	595.58	T
2473.17	2479.57	585.98	595.58	E
2479.51	2486.44	585.98	595.58	R
2486.38	2492.79	585.98	595.58	S
2492.73	2499.13	585.98	595.58	E
2499.07	2506.0	585.98	595.58	N
2505.94	2512.35	585.98	595.58	S
2512.29	2518.69	585.98	595.58	E
2518.63	2521.3	585.98	595.58	 
2520.37	2526.77	585.98	595.58	A
2526.71	2533.64	585.98	595.58	C
2533.58	2540.51	585.98	595.58	C
2540.45	2546.86	585.98	595.58	E
2546.8	2553.2	585.98	595.58	S
2553.14	2559.55	585.98	595.58	S
2559.49	2562.15	585.98	595.58	I
2562.1	2568.5	585.98	595.58	B
2568.44	2573.78	585.98	595.58	L
2573.72	2580.12	585.98	595.58	E
2580.06	2582.73	585.98	595.58	 
2583.28	2589.15	585.98	595.58	F
2589.09	2595.49	585.98	595.58	A
2595.43	2602.36	585.98	595.58	U
2602.3	2609.23	585.98	595.58	C
2609.17	2615.58	585.98	595.58	E
2615.52	2621.38	585.98	595.58	T
2379.15	2385.55	598.63	608.23	P
2385.55	2390.88	598.63	608.23	5
2390.86	2393.52	598.63	608.23	 
2415.15	2421.55	598.63	608.23	A
2421.55	2428.48	598.63	608.23	C
2428.47	2435.4	598.63	608.23	C
2435.4	2441.81	598.63	608.23	E
2441.8	2448.21	598.63	608.23	S
2448.2	2454.61	598.63	608.23	S
2454.6	2457.27	598.63	608.23	I
2457.27	2463.67	598.63	608.23	B
2463.67	2469.01	598.63	608.23	L
2469.0	2475.41	598.63	608.23	E
2475.4	2478.07	598.63	608.23	 
2478.06	2484.46	598.63	608.23	S
2484.46	2487.13	598.63	608.23	I
2487.12	2494.05	598.63	608.23	N
2494.05	2500.45	598.63	608.23	K
2500.45	2503.12	598.63	608.23	 
2503.15	2512.21	598.63	608.23	W
2512.24	2514.9	598.63	608.23	/
2514.92	2517.59	598.63	608.23	 
2517.62	2526.68	598.63	608.23	W
2526.62	2533.02	598.63	608.23	A
2532.96	2538.83	598.63	608.23	T
2538.77	2545.17	598.63	608.23	E
2545.11	2552.04	598.63	608.23	R
2551.98	2558.39	598.63	608.23	S
2558.33	2564.73	598.63	608.23	E
2564.67	2571.6	598.63	608.23	N
2571.54	2577.95	598.63	608.23	S
2577.89	2584.29	598.63	608.23	E
2584.23	2586.9	598.63	608.23	 
2585.97	2592.37	598.63	608.23	A
2592.31	2599.24	598.63	608.23	C
2599.18	2606.11	598.63	608.23	C
2606.05	2612.46	598.63	608.23	E
2612.4	2618.8	598.63	608.23	S
2618.74	2625.15	598.63	608.23	S
2625.09	2627.75	598.63	608.23	I
2627.7	2634.1	598.63	608.23	B
2634.04	2639.38	598.63	608.23	L
2639.32	2645.72	598.63	608.23	E
2645.66	2648.33	598.63	608.23	 
2648.88	2654.75	598.63	608.23	F
2654.69	2661.09	598.63	608.23	A
2661.03	2667.96	598.63	608.23	U
2667.9	2674.83	598.63	608.23	C
2674.77	2681.18	598.63	608.23	E
2681.12	2686.98	598.63	608.23	T
2379.15	2385.55	611.28	620.88	P
2385.55	2390.88	611.28	620.88	6
2390.86	2393.52	611.28	620.88	 
2415.15	2420.48	611.28	620.88	3
2420.46	2425.79	611.28	620.88	6
2425.78	2429.18	611.28	620.88	""""
2429.17	2431.84	611.28	620.88	 
2431.86	2438.79	611.28	620.88	D
2438.75	2445.16	611.28	620.88	E
2445.12	2451.52	611.28	620.88	E
2451.49	2457.89	611.28	620.88	P
2457.86	2460.53	611.28	620.88	 
2460.46	2467.39	611.28	620.88	R
2467.36	2474.83	611.28	620.88	O
2474.8	2480.13	611.28	620.88	L
2480.1	2485.44	611.28	620.88	L
2485.49	2488.68	611.28	620.88	-
2488.69	2491.35	611.28	620.88	I
2491.35	2498.28	611.28	620.88	N
2498.28	2500.95	611.28	620.88	 
2500.46	2506.86	611.28	620.88	A
2506.86	2513.79	611.28	620.88	C
2513.79	2520.72	611.28	620.88	C
2520.72	2527.12	611.28	620.88	E
2527.12	2533.53	611.28	620.88	S
2533.52	2539.93	611.28	620.88	S
2539.92	2542.59	611.28	620.88	I
2542.59	2548.99	611.28	620.88	B
2548.99	2554.33	611.28	620.88	L
2554.33	2560.73	611.28	620.88	E
2560.73	2563.4	611.28	620.88	 
2563.37	2569.78	611.28	620.88	S
2569.77	2576.71	611.28	620.88	H
2576.7	2584.17	611.28	620.88	O
2584.17	2593.23	611.28	620.88	W
2593.23	2599.63	611.28	620.88	E
2599.63	2606.56	611.28	620.88	R
2606.56	2609.23	611.28	620.88	 
2609.26	2618.32	611.28	620.88	W
2618.35	2621.01	611.28	620.88	/
2621.04	2630.1	611.28	620.88	W
2630.05	2636.45	611.28	620.88	A
2636.4	2642.26	611.28	620.88	T
2642.21	2648.61	611.28	620.88	E
2648.56	2655.49	611.28	620.88	R
2655.44	2661.84	611.28	620.88	S
2661.79	2668.19	611.28	620.88	E
2668.14	2676.13	611.28	620.88	M
2676.08	2682.49	611.28	620.88	S
2682.43	2688.84	611.28	620.88	E
2688.78	2691.45	611.28	620.88	 
2690.99	2697.39	611.28	620.88	S
2697.34	2704.27	611.28	620.88	H
2704.22	2711.69	611.28	620.88	O
2711.63	2720.7	611.28	620.88	W
2720.64	2727.05	611.28	620.88	E
2726.99	2733.92	611.28	620.88	R
2733.87	2736.54	611.28	620.88	 
2736.88	2743.81	611.28	620.88	H
2743.75	2750.16	611.28	620.88	E
2750.1	2756.51	611.28	620.88	A
2756.46	2763.39	611.28	620.88	D
2415.15	2418.34	623.93	633.53	(
2418.35	2423.68	623.93	633.53	4
2423.66	2426.32	623.93	633.53	/
2426.35	2433.28	623.93	633.53	A
2433.01	2438.34	623.93	633.53	1
2438.33	2443.67	623.93	633.53	3
2443.65	2446.32	623.93	633.53	.
2446.31	2451.64	623.93	633.53	1
2451.63	2454.82	623.93	633.53	)
2379.15	2385.55	649.23	658.83	E
2385.55	2393.02	649.23	658.83	Q
2393.02	2399.95	649.23	658.83	U
2399.96	2402.63	649.23	658.83	I
2402.63	2409.03	649.23	658.83	P
2409.03	2417.02	649.23	658.83	M
2417.02	2423.43	649.23	658.83	E
2423.43	2430.36	649.23	658.83	N
2430.36	2436.23	649.23	658.83	T
2436.24	2438.9	649.23	658.83	/
2438.93	2446.91	649.23	658.83	M
2446.89	2449.56	649.23	658.83	I
2449.54	2455.95	649.23	658.83	S
2455.93	2462.86	649.23	658.83	C
2462.84	2469.24	649.23	658.83	E
2469.22	2475.09	649.23	658.83	L
2475.07	2480.93	649.23	658.83	L
2480.92	2487.85	649.23	658.83	A
2487.83	2494.76	649.23	658.83	N
2494.74	2501.14	649.23	658.83	E
2501.12	2508.59	649.23	658.83	O
2508.57	2515.5	649.23	658.83	U
2515.49	2521.89	649.23	658.83	S
2379.15	2385.55	661.88	671.48	S
2385.53	2390.87	661.88	671.48	e
2390.86	2396.2	661.88	671.48	e
2396.18	2398.85	661.88	671.48	 
2398.86	2401.53	661.88	671.48	I
2401.51	2406.85	661.88	671.48	n
2406.84	2409.51	661.88	671.48	t
2409.49	2414.83	661.88	671.48	e
2414.82	2418.01	661.88	671.48	r
2418.0	2420.13	661.88	671.48	i
2420.12	2425.45	661.88	671.48	o
2425.44	2428.64	661.88	671.48	r
2428.62	2431.29	661.88	671.48	 
2431.37	2438.3	661.88	671.48	D
2438.29	2443.62	661.88	671.48	e
2443.61	2448.41	661.88	671.48	s
2448.4	2450.53	661.88	671.48	i
2450.52	2455.85	661.88	671.48	g
2455.84	2461.18	661.88	671.48	n
2461.16	2463.83	661.88	671.48	 
2463.82	2470.75	661.88	671.48	D
2470.74	2473.93	661.88	671.48	r
2473.92	2479.26	661.88	671.48	a
2479.24	2486.19	661.88	671.48	w
2486.18	2488.31	661.88	671.48	i
2488.3	2493.63	661.88	671.48	n
2493.62	2498.96	661.88	671.48	g
2498.95	2503.75	661.88	671.48	s
2503.73	2506.4	661.88	671.48	 
2506.44	2509.11	661.88	671.48	f
2509.1	2514.43	661.88	671.48	o
2514.42	2517.62	661.88	671.48	r
2517.6	2520.27	661.88	671.48	 
2520.33	2526.73	661.88	671.48	E
2526.72	2532.06	661.88	671.48	q
2532.04	2537.38	661.88	671.48	u
2537.37	2539.5	661.88	671.48	i
2539.49	2544.82	661.88	671.48	p
2544.81	2552.82	661.88	671.48	m
2552.8	2558.14	661.88	671.48	e
2558.13	2563.46	661.88	671.48	n
2563.45	2566.12	661.88	671.48	t
2566.11	2568.77	661.88	671.48	 
2568.71	2575.12	661.88	671.48	S
2575.1	2580.44	661.88	671.48	p
2580.43	2585.77	661.88	671.48	e
2585.75	2590.55	661.88	671.48	c
2590.54	2595.34	661.88	671.48	s
2379.15	2385.55	674.53	684.13	E
2385.55	2390.88	674.53	684.13	1
2390.86	2393.52	674.53	684.13	 
2415.15	2422.61	674.53	684.13	G
2422.61	2429.54	674.53	684.13	R
2429.54	2435.94	674.53	684.13	A
2435.94	2442.34	674.53	684.13	B
2442.34	2445.01	674.53	684.13	 
2445.03	2451.44	674.53	684.13	B
2451.43	2457.84	674.53	684.13	A
2457.83	2464.76	674.53	684.13	R
2464.76	2467.43	674.53	684.13	 
2467.43	2473.84	674.53	684.13	B
2473.83	2480.24	674.53	684.13	A
2480.23	2487.17	674.53	684.13	C
2487.16	2493.57	674.53	684.13	K
2493.56	2496.23	674.53	684.13	I
2496.23	2503.16	674.53	684.13	N
2503.16	2510.63	674.53	684.13	G
2510.62	2513.29	674.53	684.13	 
2513.33	2516.52	674.53	684.13	(
2516.53	2521.86	674.53	684.13	1
2521.84	2524.5	674.53	684.13	/
2524.53	2531.46	674.53	684.13	A
2531.18	2536.51	674.53	684.13	1
2536.5	2541.84	674.53	684.13	3
2541.82	2544.49	674.53	684.13	.
2544.48	2549.81	674.53	684.13	1
2549.81	2553.0	674.53	684.13	)
2553.01	2555.67	674.53	684.13	 
2555.69	2558.89	674.53	684.13	(
2558.9	2564.23	674.53	684.13	#
2564.21	2571.14	674.53	684.13	D
2571.13	2574.87	674.53	684.13	r
2574.86	2580.73	674.53	684.13	g
2580.73	2583.39	674.53	684.13	I
2583.39	2590.32	674.53	684.13	D
2590.32	2593.51	674.53	684.13	(
2593.52	2597.25	674.53	684.13	r
2597.24	2602.57	674.53	684.13	e
2602.56	2605.75	674.53	684.13	f
2605.74	2608.93	674.53	684.13	)
2608.94	2611.6	674.53	684.13	/
2611.63	2616.96	674.53	684.13	#
2616.94	2622.8	674.53	684.13	L
2622.78	2628.12	674.53	684.13	a
2628.1	2633.44	674.53	684.13	y
2633.42	2636.09	674.53	684.13	I
2636.07	2643.0	674.53	684.13	D
2642.99	2646.18	674.53	684.13	(
2646.19	2649.92	674.53	684.13	r
2649.91	2655.24	674.53	684.13	e
2655.23	2658.42	674.53	684.13	f
2658.42	2661.61	674.53	684.13	)
2661.62	2664.81	674.53	684.13	)
2379.15	2385.55	687.18	696.78	E
2385.55	2390.88	687.18	696.78	2
2390.86	2393.52	687.18	696.78	 
2415.15	2420.48	687.18	696.78	L
2420.44	2426.85	687.18	696.78	E
2426.81	2433.74	687.18	696.78	D
2433.7	2436.37	687.18	696.78	 
2436.46	2441.79	687.18	696.78	L
2441.76	2444.43	687.18	696.78	I
2444.39	2451.86	687.18	696.78	G
2451.82	2458.75	687.18	696.78	H
2458.71	2464.58	687.18	696.78	T
2464.54	2467.21	687.18	696.78	 
2467.31	2473.17	687.18	696.78	F
2473.13	2475.8	687.18	696.78	I
2475.76	2482.16	687.18	696.78	X
2482.12	2487.98	687.18	696.78	T
2487.95	2494.88	687.18	696.78	U
2494.84	2501.77	687.18	696.78	R
2501.73	2508.13	687.18	696.78	E
2508.1	2510.77	687.18	696.78	 
2511.08	2518.55	687.18	696.78	O
2518.51	2524.92	687.18	696.78	V
2524.88	2531.28	687.18	696.78	E
2531.24	2538.17	687.18	696.78	R
2538.13	2540.8	687.18	696.78	 
2540.97	2547.37	687.18	696.78	V
2547.33	2553.74	687.18	696.78	A
2553.7	2560.63	687.18	696.78	N
2560.59	2563.26	687.18	696.78	I
2563.22	2569.09	687.18	696.78	T
2569.05	2575.45	687.18	696.78	Y
2575.42	2578.08	687.18	696.78	 
2577.52	2580.71	687.18	696.78	-
2580.72	2583.38	687.18	696.78	 
2583.41	2589.27	687.18	696.78	T
2589.26	2596.73	687.18	696.78	O
2596.71	2603.12	687.18	696.78	P
2603.1	2605.77	687.18	696.78	 
2605.55	2613.02	687.18	696.78	O
2613.0	2618.87	687.18	696.78	F
2618.86	2621.52	687.18	696.78	 
2621.61	2627.48	687.18	696.78	F
2627.47	2630.13	687.18	696.78	I
2630.12	2636.51	687.18	696.78	X
2636.5	2642.37	687.18	696.78	T
2642.35	2649.28	687.18	696.78	U
2649.27	2656.2	687.18	696.78	R
2656.19	2662.59	687.18	696.78	E
2662.58	2665.24	687.18	696.78	 
2665.39	2668.06	687.18	696.78	I
2668.04	2674.45	687.18	696.78	S
2674.43	2677.1	687.18	696.78	 
2677.17	2682.5	687.18	696.78	7
2682.48	2684.31	687.18	696.78	'
2684.34	2687.53	687.18	696.78	-
2687.54	2692.87	687.18	696.78	0
2692.85	2696.25	687.18	696.78	""""
2696.24	2698.91	687.18	696.78	 
2698.93	2705.33	687.18	696.78	A
2705.33	2707.99	687.18	696.78	.
2708.02	2713.88	687.18	696.78	F
2713.9	2716.56	687.18	696.78	.
2716.59	2722.45	687.18	696.78	F
2722.48	2725.14	687.18	696.78	.
2379.15	2385.55	699.83	709.43	E
2385.55	2390.88	699.83	709.43	3
2390.86	2393.52	699.83	709.43	 
2415.15	2421.55	699.83	709.43	E
2421.49	2428.42	699.83	709.43	N
2428.37	2434.77	699.83	709.43	E
2434.71	2441.64	699.83	709.43	R
2441.59	2449.06	699.83	709.43	G
2449.0	2455.4	699.83	709.43	Y
2455.35	2461.75	699.83	709.43	S
2461.69	2467.56	699.83	709.43	T
2467.5	2473.91	699.83	709.43	A
2473.85	2480.78	699.83	709.43	R
2480.73	2483.39	699.83	709.43	 
2482.79	2489.2	699.83	709.43	A
2489.14	2496.07	699.83	709.43	D
2496.02	2502.42	699.83	709.43	A
2502.36	2505.03	699.83	709.43	 
2504.68	2511.61	699.83	709.43	R
2511.56	2517.96	699.83	709.43	E
2517.9	2523.77	699.83	709.43	F
2523.71	2530.64	699.83	709.43	R
2530.59	2533.26	699.83	709.43	I
2533.2	2540.67	699.83	709.43	G
2540.61	2547.02	699.83	709.43	E
2546.96	2553.89	699.83	709.43	R
2553.83	2560.24	699.83	709.43	A
2560.18	2566.05	699.83	709.43	T
2565.99	2573.46	699.83	709.43	O
2573.4	2580.33	699.83	709.43	R
2580.28	2582.95	699.83	709.43	 
2582.83	2591.89	699.83	709.43	W
2591.83	2594.5	699.83	709.43	I
2594.44	2600.31	699.83	709.43	T
2600.25	2607.18	699.83	709.43	H
2607.13	2609.8	699.83	709.43	 
2609.96	2615.83	699.83	709.43	T
2615.77	2623.24	699.83	709.43	O
2623.18	2629.59	699.83	709.43	P
2629.53	2632.2	699.83	709.43	 
2632.11	2637.97	699.83	709.43	F
2637.91	2644.85	699.83	709.43	R
2644.79	2651.19	699.83	709.43	E
2651.14	2657.54	699.83	709.43	E
2657.48	2663.35	699.83	709.43	Z
2663.29	2669.7	699.83	709.43	E
2669.64	2676.57	699.83	709.43	R
2379.15	2385.55	712.48	722.08	E
2385.55	2390.88	712.48	722.08	4
2390.86	2393.52	712.48	722.08	 
2415.15	2422.08	712.48	722.08	U
2422.04	2428.97	712.48	722.08	N
2428.94	2435.87	712.48	722.08	D
2435.83	2442.23	712.48	722.08	E
2442.2	2449.13	712.48	722.08	R
2449.09	2451.76	712.48	722.08	 
2451.88	2458.81	712.48	722.08	C
2458.78	2466.25	712.48	722.08	O
2466.21	2473.14	712.48	722.08	U
2473.1	2480.03	712.48	722.08	N
2480.0	2485.86	712.48	722.08	T
2485.83	2492.23	712.48	722.08	E
2492.19	2499.13	712.48	722.08	R
2499.09	2501.76	712.48	722.08	 
2502.06	2508.99	712.48	722.08	R
2508.95	2515.36	712.48	722.08	E
2515.32	2521.18	712.48	722.08	F
2521.15	2528.08	712.48	722.08	R
2528.04	2530.71	712.48	722.08	I
2530.68	2538.14	712.48	722.08	G
2538.11	2544.51	712.48	722.08	E
2544.48	2551.41	712.48	722.08	R
2551.37	2557.77	712.48	722.08	A
2557.74	2563.6	712.48	722.08	T
2563.57	2571.04	712.48	722.08	O
2571.0	2577.93	712.48	722.08	R
2379.15	2385.55	725.13	734.73	E
2385.55	2390.88	725.13	734.73	5
2390.86	2393.52	725.13	734.73	 
2415.15	2423.14	725.13	734.73	M
2423.1	2429.5	725.13	734.73	E
2429.46	2436.39	725.13	734.73	D
2436.35	2439.02	725.13	734.73	 
2439.15	2446.08	725.13	734.73	R
2446.03	2453.5	725.13	734.73	O
2453.46	2460.93	725.13	734.73	O
2460.89	2468.88	725.13	734.73	M
2468.84	2471.51	725.13	734.73	 
2471.72	2478.65	725.13	734.73	R
2478.61	2485.01	725.13	734.73	E
2484.97	2490.84	725.13	734.73	F
2490.79	2497.72	725.13	734.73	R
2497.68	2500.35	725.13	734.73	I
2500.31	2507.78	725.13	734.73	G
2507.73	2514.14	725.13	734.73	E
2514.09	2521.03	725.13	734.73	R
2520.98	2527.39	725.13	734.73	A
2527.34	2533.21	725.13	734.73	T
2533.17	2540.63	725.13	734.73	O
2540.59	2547.52	725.13	734.73	R
2379.15	2385.55	737.78	747.38	E
2385.55	2390.88	737.78	747.38	6
2390.86	2393.52	737.78	747.38	 
2415.15	2421.55	737.78	747.38	S
2421.55	2426.88	737.78	747.38	L
2426.88	2429.55	737.78	747.38	I
2429.55	2436.48	737.78	747.38	D
2436.48	2442.88	737.78	747.38	E
2442.88	2445.55	737.78	747.38	 
2445.55	2448.21	737.78	747.38	I
2448.21	2455.14	737.78	747.38	N
2455.14	2457.81	737.78	747.38	 
2457.83	2464.76	737.78	747.38	R
2464.76	2471.17	737.78	747.38	A
2471.16	2478.09	737.78	747.38	N
2478.09	2485.56	737.78	747.38	G
2485.56	2491.96	737.78	747.38	E
2491.96	2494.63	737.78	747.38	 
2494.63	2503.7	737.78	747.38	W
2503.73	2506.39	737.78	747.38	/
2506.42	2512.28	737.78	747.38	F
2512.28	2519.21	737.78	747.38	R
2519.2	2526.67	737.78	747.38	O
2526.67	2533.6	737.78	747.38	N
2533.59	2539.46	737.78	747.38	T
2539.45	2542.12	737.78	747.38	 
2542.06	2548.99	737.78	747.38	C
2548.99	2556.46	737.78	747.38	O
2556.45	2563.38	737.78	747.38	N
2563.38	2569.25	737.78	747.38	T
2569.24	2576.17	737.78	747.38	R
2576.17	2583.64	737.78	747.38	O
2583.63	2588.97	737.78	747.38	L
2588.96	2595.37	737.78	747.38	S
2379.15	2385.55	750.43	760.03	E
2385.55	2390.88	750.43	760.03	7
2390.86	2393.52	750.43	760.03	 
2415.15	2422.08	750.43	760.03	R
2422.07	2428.48	750.43	760.03	A
2428.47	2435.41	750.43	760.03	N
2435.4	2442.87	750.43	760.03	G
2442.87	2449.27	750.43	760.03	E
2449.27	2451.94	750.43	760.03	 
2451.95	2458.88	750.43	760.03	H
2458.87	2466.34	750.43	760.03	O
2466.34	2473.81	750.43	760.03	O
2473.81	2480.74	750.43	760.03	D
2379.15	2385.55	763.08	772.68	E
2385.55	2390.88	763.08	772.68	8
2390.86	2393.52	763.08	772.68	 
2415.15	2421.55	763.08	772.68	E
2421.49	2428.42	763.08	772.68	N
2428.37	2434.77	763.08	772.68	E
2434.72	2441.65	763.08	772.68	R
2441.59	2449.06	763.08	772.68	G
2449.01	2455.41	763.08	772.68	Y
2455.36	2461.76	763.08	772.68	S
2461.7	2467.57	763.08	772.68	T
2467.51	2473.92	763.08	772.68	A
2473.86	2480.79	763.08	772.68	R
2480.74	2483.41	763.08	772.68	 
2483.31	2490.24	763.08	772.68	D
2490.18	2492.85	763.08	772.68	I
2492.8	2499.2	763.08	772.68	S
2499.14	2506.07	763.08	772.68	H
2506.02	2515.08	763.08	772.68	W
2515.03	2521.43	763.08	772.68	A
2521.38	2527.78	763.08	772.68	S
2527.72	2534.65	763.08	772.68	H
2534.6	2541.0	763.08	772.68	E
2540.95	2547.88	763.08	772.68	R
2379.15	2385.55	775.73	785.33	E
2385.55	2390.88	775.73	785.33	9
2390.86	2393.52	775.73	785.33	 
2415.15	2422.61	775.73	785.33	G
2422.61	2429.02	775.73	785.33	A
2429.02	2435.95	775.73	785.33	R
2435.95	2442.35	775.73	785.33	B
2442.35	2448.75	775.73	785.33	A
2448.75	2456.22	775.73	785.33	G
2456.22	2462.62	775.73	785.33	E
2462.62	2465.29	775.73	785.33	 
2465.32	2472.25	775.73	785.33	D
2472.25	2474.92	775.73	785.33	I
2474.92	2481.32	775.73	785.33	S
2481.32	2487.73	775.73	785.33	P
2487.72	2495.19	775.73	785.33	O
2495.19	2501.6	775.73	785.33	S
2501.59	2508.0	775.73	785.33	A
2508.0	2513.33	775.73	785.33	L
2379.15	2386.08	801.03	810.63	N
2386.1	2393.57	801.03	810.63	O
2393.59	2399.45	801.03	810.63	T
2399.47	2405.88	801.03	810.63	E
2405.9	2408.56	801.03	810.63	:
2408.58	2411.25	801.03	810.63	 
2411.28	2417.68	801.03	810.63	S
2417.68	2424.08	801.03	810.63	E
2424.08	2430.48	801.03	810.63	E
2430.48	2433.14	801.03	810.63	 
2432.65	2439.05	801.03	810.63	A
2439.06	2444.39	801.03	810.63	1
2444.37	2449.7	801.03	810.63	3
2449.68	2452.34	801.03	810.63	.
2452.37	2457.7	801.03	810.63	2
2457.68	2460.35	801.03	810.63	 
2460.37	2466.23	801.03	810.63	F
2466.19	2473.66	801.03	810.63	O
2473.62	2480.55	801.03	810.63	R
2480.51	2483.18	801.03	810.63	 
2483.34	2488.68	801.03	810.63	L
2488.64	2491.31	801.03	810.63	I
2491.27	2497.67	801.03	810.63	S
2497.63	2503.5	801.03	810.63	T
2503.46	2506.13	801.03	810.63	 
2506.19	2513.66	801.03	810.63	O
2513.62	2519.48	801.03	810.63	F
2519.44	2522.11	801.03	810.63	 
2522.25	2528.66	801.03	810.63	B
2528.62	2535.02	801.03	810.63	A
2534.98	2540.85	801.03	810.63	T
2540.81	2547.74	801.03	810.63	H
2547.7	2554.63	801.03	810.63	R
2554.59	2562.06	801.03	810.63	O
2562.02	2569.49	801.03	810.63	O
2569.45	2577.45	801.03	810.63	M
2577.41	2580.07	801.03	810.63	 
2579.79	2586.19	801.03	810.63	&
2586.19	2588.85	801.03	810.63	 
2588.88	2596.87	801.03	810.63	M
2596.87	2599.54	801.03	810.63	I
2599.54	2605.94	801.03	810.63	S
2605.94	2612.88	801.03	810.63	C
2612.88	2615.54	801.03	810.63	.
2615.56	2618.23	801.03	810.63	 
2618.26	2624.66	801.03	810.63	A
2624.66	2631.59	801.03	810.63	C
2631.58	2638.51	801.03	810.63	C
2638.51	2644.91	801.03	810.63	E
2644.91	2651.31	801.03	810.63	S
2651.31	2657.71	801.03	810.63	S
2657.71	2665.18	801.03	810.63	O
2665.18	2672.11	801.03	810.63	R
2672.1	2674.77	801.03	810.63	I
2674.77	2681.17	801.03	810.63	E
2681.17	2687.57	801.03	810.63	S
2111.84	2117.18	1985.28	1994.88	2
2117.16	2122.5	1985.28	1994.88	4
2122.47	2125.88	1985.28	1994.88	""""
2174.84	2180.18	1985.28	1994.88	6
2180.16	2185.5	1985.28	1994.88	0
2185.48	2188.88	1985.28	1994.88	""""
2237.84	2243.18	1985.28	1994.88	2
2243.16	2248.5	1985.28	1994.88	4
2248.48	2251.88	1985.28	1994.88	""""
2112.59	2117.93	1901.79	1911.39	2
2117.91	2123.25	1901.79	1911.39	5
2123.22	2126.63	1901.79	1911.39	""""
2110.57	2118.58	1911.59	1921.19	m
2118.56	2123.9	1911.59	1921.19	a
2123.87	2128.64	1911.59	1921.19	x
2174.84	2180.18	1901.79	1911.39	5
2180.16	2185.5	1901.79	1911.39	8
2185.48	2188.88	1901.79	1911.39	""""
2250.59	2255.93	1901.79	1911.39	4
2255.91	2261.25	1901.79	1911.39	3
2261.23	2264.63	1901.79	1911.39	""""
2102.88	2108.22	1798.33	1807.93	1
2108.2	2113.54	1798.33	1807.93	2
2113.51	2116.92	1798.33	1807.93	""""
2273.81	2279.15	1985.28	1994.88	1
2279.13	2284.47	1985.28	1994.88	2
2284.45	2287.85	1985.28	1994.88	""""
2299.56	2309.16	1952.79	1958.12	3
2299.56	2309.16	1947.47	1952.81	6
2299.56	2309.16	1944.09	1947.49	""""
2074.7	2084.3	1952.79	1958.12	3
2074.7	2084.3	1947.47	1952.81	6
2074.7	2084.3	1944.09	1947.49	""""
2069.8	2079.4	1908.44	1913.77	4
2069.8	2079.4	1905.05	1908.46	""""
2055.89	2065.49	1907.79	1913.12	9
2055.89	2065.49	1902.47	1907.81	6
2055.89	2065.49	1899.09	1902.49	""""
2074.7	2084.3	1867.29	1872.62	4
2074.7	2084.3	1861.97	1867.31	2
2074.7	2084.3	1858.59	1861.99	""""
2326.79	2336.69	1997.59	2011.31	A
1864.99	1870.33	1991.49	2001.09	3
1870.31	1875.65	1991.49	2001.09	3
1875.62	1879.03	1991.49	2001.09	""""
1914.49	1919.83	1991.49	2001.09	3
1919.81	1925.15	1991.49	2001.09	3
1925.12	1928.53	1991.49	2001.09	""""
1957.24	1962.58	1991.49	2001.09	2
1962.56	1967.9	1991.49	2001.09	4
1967.87	1971.28	1991.49	2001.09	""""
2003.33	2012.93	1969.39	1974.72	3
2003.33	2012.93	1964.07	1969.41	6
2003.33	2012.93	1960.69	1964.09	""""
1861.93	1869.93	2009.7	2019.3	M
1869.93	1875.27	2009.7	2019.3	1
1875.25	1880.58	2009.7	2019.3	3
1959.71	1966.12	2009.7	2019.3	E
1966.11	1971.45	2009.7	2019.3	8
1914.46	1922.46	2009.7	2019.3	M
1922.46	1927.8	2009.7	2019.3	1
1927.42	1932.76	2009.7	2019.3	1
1900.64	1907.05	2009.7	2019.3	E
1907.04	1912.38	2009.7	2019.3	9
1889.04	1895.45	1899.3	1908.9	P
1895.44	1900.78	1899.3	1908.9	4
1993.94	2001.94	1942.61	1952.21	M
2001.94	2007.28	1942.61	1952.21	6
2002.42	2012.33	2002.83	2016.55	B
1773.04	1782.95	2005.42	2019.14	C
648.51	653.85	2001.8	2011.4	1
653.83	659.17	2001.8	2011.4	8
659.14	662.55	2001.8	2011.4	""""
686.76	692.1	2001.8	2011.4	3
692.08	697.42	2001.8	2011.4	3
697.39	700.8	2001.8	2011.4	""""
725.01	730.35	2001.8	2011.4	1
730.33	735.67	2001.8	2011.4	8
735.64	739.05	2001.8	2011.4	""""
762.8	772.4	1968.66	1973.99	3
762.8	772.4	1963.34	1968.68	6
762.8	772.4	1959.96	1963.36	""""
757.9	767.5	1923.85	1929.18	4
757.9	767.5	1920.46	1923.87	""""
762.8	772.4	1883.16	1888.49	4
762.8	772.4	1877.84	1883.18	2
762.8	772.4	1874.46	1877.86	""""
595.81	605.41	1869.66	1874.99	2
595.81	605.41	1864.34	1869.68	4
595.81	605.41	1860.96	1864.36	""""
610.26	615.6	1812.43	1822.03	2
615.58	620.92	1812.43	1822.03	7
620.89	624.3	1812.43	1822.03	""""
646.26	651.6	1812.43	1822.03	2
651.58	656.92	1812.43	1822.03	1
656.89	660.3	1812.43	1822.03	""""
686.76	692.1	1812.43	1822.03	3
692.08	697.42	1812.43	1822.03	3
697.39	700.8	1812.43	1822.03	""""
725.01	730.35	1812.43	1822.03	1
730.33	735.67	1812.43	1822.03	8
735.64	739.05	1812.43	1822.03	""""
779.33	788.93	1923.66	1928.99	9
779.33	788.93	1918.34	1923.68	6
779.33	788.93	1914.96	1918.36	""""
683.33	691.33	2016.1	2025.7	M
691.33	696.67	2016.1	2025.7	3
748.34	756.33	2016.1	2025.7	M
756.34	761.67	2016.1	2025.7	1
718.29	726.28	1798.16	1807.76	M
726.29	731.63	1798.16	1807.76	5
610.94	617.35	2016.1	2025.7	E
617.34	622.68	2016.1	2025.7	3
1644.46	1650.87	733.51	743.11	P
1650.86	1656.2	733.51	743.11	1
1688.8	1695.21	733.51	743.11	A
1695.2	1700.54	733.51	743.11	9
1663.6	1670.01	642.03	651.63	E
1670.0	1675.34	642.03	651.63	1
1829.72	1835.06	732.58	742.18	1
1835.04	1840.38	732.58	742.18	2
1840.35	1843.76	732.58	742.18	""""
1862.63	1867.97	732.58	742.18	3
1867.95	1873.29	732.58	742.18	3
1873.26	1876.67	732.58	742.18	""""
1835.88	1842.29	574.27	583.87	E
1842.28	1847.62	574.27	583.87	2
1805.07	1811.48	628.02	637.62	A
1811.47	1816.81	628.02	637.62	6
1803.36	1811.36	693.46	703.06	M
1811.36	1816.7	693.46	703.06	2
1905.06	1913.06	733.51	743.11	M
1913.06	1918.4	733.51	743.11	1
1918.38	1923.71	733.51	743.11	4
1948.38	1954.79	733.51	743.11	P
1954.78	1960.12	733.51	743.11	1
2002.6	2009.01	733.51	743.11	P
2009.0	2014.34	733.51	743.11	6
1908.63	1915.04	647.02	656.62	E
1915.03	1920.37	647.02	656.62	1
1805.07	1811.48	662.95	672.55	P
1811.47	1816.81	662.95	672.55	2
2057.76	2067.67	747.81	761.52	B
2134.16	2139.5	732.06	741.66	2
2139.48	2144.82	732.06	741.66	4
2144.8	2148.2	732.06	741.66	""""
2232.54	2238.95	736.7	746.3	P
2238.94	2244.28	736.7	746.3	6
2141.66	2149.66	586.63	596.23	M
2149.66	2155.0	586.63	596.23	8
2261.17	2271.08	747.81	761.52	A
1548.66	1554.0	733.7	743.3	2
1553.98	1559.32	733.7	743.3	4
1559.29	1562.7	733.7	743.3	""""
1498.39	1507.99	667.01	672.35	8
1498.39	1507.99	661.7	667.04	4
1498.39	1507.99	658.31	661.72	""""
1516.55	1524.55	668.12	677.72	M
1524.55	1529.89	668.12	677.72	8
1323.35	1328.69	1992.38	2001.98	2
1328.67	1334.01	1992.38	2001.98	7
1333.98	1337.39	1992.38	2001.98	""""
1357.1	1362.44	1992.38	2001.98	1
1362.42	1367.76	1992.38	2001.98	8
1367.73	1371.14	1992.38	2001.98	""""
1388.6	1393.94	1992.38	2001.98	2
1393.92	1399.26	1992.38	2001.98	4
1399.23	1402.64	1992.38	2001.98	""""
1420.1	1425.44	1992.38	2001.98	1
1425.42	1430.76	1992.38	2001.98	8
1430.73	1434.14	1992.38	2001.98	""""
1333.56	1343.16	1866.14	1871.47	3
1333.56	1343.16	1860.82	1866.16	0
1333.56	1343.16	1857.44	1860.84	""""
1449.93	1459.53	1960.64	1965.97	3
1449.93	1459.53	1955.32	1960.66	6
1449.93	1459.53	1951.94	1955.34	""""
1446.81	1456.41	1913.63	1918.96	4
1446.81	1456.41	1910.24	1913.65	""""
1449.93	1459.53	1875.14	1880.47	4
1449.93	1459.53	1869.82	1875.16	2
1449.93	1459.53	1866.44	1869.84	""""
1304.31	1310.72	2012.29	2021.89	E
1310.71	1316.05	2012.29	2021.89	3
1284.12	1292.12	1890.22	1899.82	M
1292.12	1297.46	1890.22	1899.82	6
1338.13	1346.13	2012.29	2021.89	M
1346.13	1351.47	2012.29	2021.89	1
1369.02	1375.43	2012.29	2021.89	E
1375.42	1380.76	2012.29	2021.89	6
1401.7	1409.7	2012.29	2021.89	M
1409.7	1415.04	2012.29	2021.89	1
1307.72	1315.72	1822.01	1831.61	M
1315.72	1321.06	1822.01	1831.61	5
1387.85	1394.26	1822.01	1831.61	E
1394.25	1399.59	1822.01	1831.61	7
1449.03	1458.93	2005.42	2019.14	D
2125.44	2130.78	322.24	331.84	3
2130.76	2136.1	322.24	331.84	6
2136.08	2139.48	322.24	331.84	""""
2123.68	2130.09	158.47	168.07	E
2130.08	2135.42	158.47	168.07	2
2074.59	2081.0	209.65	219.25	A
2080.99	2086.33	209.65	219.25	6
2078.09	2084.5	320.66	330.26	P
2084.49	2089.83	320.66	330.26	1
2075.32	2081.73	229.12	238.72	E
2081.72	2087.06	229.12	238.72	1
2123.23	2131.23	283.17	292.77	M
2131.23	2136.57	283.17	292.77	7
2165.61	2175.52	332.01	345.72	A
2174.15	2180.56	1140.6	1150.2	P
2180.55	2185.89	1140.6	1150.2	6
2201.66	2211.57	1151.7	1165.42	A
1670.16	1676.57	978.16	987.76	E
1676.56	1681.9	978.16	987.76	2
1733.61	1740.02	1031.92	1041.52	A
1740.01	1745.35	1031.92	1041.52	6
1626.1	1634.1	1097.36	1106.96	M
1634.1	1639.44	1097.36	1106.96	2
1711.56	1719.56	1137.4	1147.0	M
1719.56	1724.9	1137.4	1147.0	1
1724.88	1730.21	1137.4	1147.0	4
1761.39	1767.8	1137.4	1147.0	P
1767.79	1773.13	1137.4	1147.0	1
1737.9	1744.31	1050.92	1060.52	E
1744.3	1749.64	1050.92	1060.52	1
1614.47	1620.88	1137.4	1147.0	P
1620.87	1626.21	1137.4	1147.0	6
1722.49	1728.9	1062.53	1072.13	P
1728.89	1734.23	1062.53	1072.13	2
1781.6	1791.51	1151.7	1165.42	C
1446.64	1453.05	1137.4	1147.0	P
1453.04	1458.38	1137.4	1147.0	1
1490.98	1497.39	1137.4	1147.0	A
1497.38	1502.72	1137.4	1147.0	9
1465.78	1472.19	1045.93	1055.53	E
1472.18	1477.52	1045.93	1055.53	1
1537.9	1547.81	1151.7	1165.42	D
1872.47	1878.88	1137.4	1147.0	P
1878.87	1884.21	1137.4	1147.0	6
1962.6	1969.01	1067.14	1076.74	P
1969.0	1974.34	1067.14	1076.74	2
1950.3	1960.21	1151.7	1165.42	B
1969.47	1975.88	320.66	330.26	P
1975.87	1981.21	320.66	330.26	6
1837.86	1844.27	320.66	330.26	P
1844.26	1849.6	320.66	330.26	3
2004.99	2014.9	332.01	345.72	B
1729.75	1736.16	320.66	330.26	P
1736.15	1741.49	320.66	330.26	6
1796.57	1806.48	332.01	345.72	C
1496.59	1503.0	320.95	330.55	P
1502.99	1508.33	320.95	330.55	6
1616.59	1623.0	235.89	245.49	A
1622.99	1628.33	235.89	245.49	5
1646.06	1655.97	332.01	345.72	D
2072.45	2080.45	1527.43	1537.03	M
2080.45	2085.79	1527.43	1537.03	1
2085.77	2091.1	1527.43	1537.03	4
2194.4	2200.81	1527.43	1537.03	P
2200.8	2206.14	1527.43	1537.03	6
2218.2	2228.11	1541.73	1555.45	A
1877.03	1882.37	1528.82	1538.42	2
1882.35	1887.69	1528.82	1538.42	4
1887.66	1891.07	1528.82	1538.42	""""
1842.29	1851.89	1460.94	1466.27	8
1842.29	1851.89	1455.62	1460.96	4
1842.29	1851.89	1452.23	1455.64	""""
1965.5	1971.91	1527.43	1537.03	P
1971.9	1977.24	1527.43	1537.03	6
1839.53	1847.53	1490.52	1500.12	M
1847.53	1852.87	1490.52	1500.12	8
2017.35	2027.26	1541.73	1555.45	B
1870.18	1873.92	1545.37	1554.97	*
1873.89	1879.23	1545.37	1554.97	1
1879.21	1884.54	1545.37	1554.97	5
1884.52	1887.93	1545.37	1554.97	""""
1887.92	1890.58	1545.37	1554.97	 
1890.6	1900.35	1545.37	1554.97	@
1900.33	1903.0	1545.37	1554.97	 
1903.01	1909.42	1545.37	1554.97	A
1909.36	1914.7	1545.37	1554.97	L
1914.64	1917.31	1545.37	1554.97	 
1917.03	1923.43	1545.37	1554.97	S
1923.38	1926.05	1545.37	1554.97	t
1925.99	1931.33	1545.37	1554.97	u
1931.27	1936.61	1545.37	1554.97	d
1936.56	1938.69	1545.37	1554.97	i
1938.63	1943.97	1545.37	1554.97	o
1943.92	1946.58	1545.37	1554.97	 
1946.85	1953.26	1545.37	1554.97	B
1870.18	1873.92	1556.37	1565.97	*
1873.89	1879.23	1556.37	1565.97	1
1879.21	1884.54	1556.37	1565.97	8
1884.52	1887.93	1556.37	1565.97	""""
1887.92	1890.58	1556.37	1565.97	 
1890.6	1900.35	1556.37	1565.97	@
1900.33	1903.0	1556.37	1565.97	 
1903.01	1911.01	1556.37	1565.97	M
1911.0	1917.93	1556.37	1565.97	C
1917.92	1920.58	1556.37	1565.97	 
1920.61	1927.02	1556.37	1565.97	S
1927.0	1932.34	1556.37	1565.97	h
1932.33	1937.67	1556.37	1565.97	a
1937.65	1940.85	1556.37	1565.97	r
1940.84	1946.17	1556.37	1565.97	e
1946.16	1951.5	1556.37	1565.97	d
1951.48	1954.15	1556.37	1565.97	 
1953.64	1960.04	1556.37	1565.97	A
1764.07	1770.48	1527.43	1537.03	P
1770.47	1775.81	1527.43	1537.03	1
1719.73	1726.14	1527.43	1537.03	A
1726.13	1731.47	1527.43	1537.03	9
1744.93	1751.34	1435.95	1445.55	E
1751.33	1756.67	1435.95	1445.55	1
1651.94	1658.35	1527.43	1537.03	P
1658.34	1663.68	1527.43	1537.03	6
1805.14	1815.05	1541.73	1555.45	C
1516.01	1521.35	1542.59	1552.19	3
1521.33	1526.67	1542.59	1552.19	6
1526.64	1530.05	1542.59	1552.19	""""
1552.05	1557.39	1542.59	1552.19	1
1557.37	1562.71	1542.59	1552.19	2
1562.68	1566.09	1542.59	1552.19	""""
1515.09	1521.5	1368.19	1377.79	E
1521.49	1526.83	1368.19	1377.79	2
1480.25	1486.66	1421.95	1431.55	A
1486.65	1491.99	1421.95	1431.55	6
1574.58	1582.58	1487.38	1496.98	M
1582.58	1587.92	1487.38	1496.98	2
1514.27	1522.27	1527.43	1537.03	M
1522.27	1527.61	1527.43	1537.03	1
1527.59	1532.92	1527.43	1537.03	4
1460.24	1466.65	1527.43	1537.03	P
1466.64	1471.98	1527.43	1537.03	1
1461.52	1467.93	1456.87	1466.47	P
1467.92	1473.26	1456.87	1466.47	2
1588.83	1598.74	1541.73	1555.45	D
1555.16	1558.9	1556.47	1566.07	*
1558.88	1564.22	1556.47	1566.07	9
1564.19	1567.6	1556.47	1566.07	""""
1567.59	1570.25	1556.47	1566.07	 
1570.27	1580.02	1556.47	1566.07	@
1555.16	1561.57	1567.47	1577.07	A
1561.51	1566.85	1567.47	1577.07	L
1566.79	1569.46	1567.47	1577.07	 
1569.18	1575.58	1567.47	1577.07	S
1575.53	1578.2	1567.47	1577.07	t
1578.14	1583.48	1567.47	1577.07	u
1583.42	1588.76	1567.47	1577.07	d
1588.71	1590.84	1567.47	1577.07	i
1590.78	1596.12	1567.47	1577.07	o
1596.06	1598.73	1567.47	1577.07	 
1599.0	1605.41	1567.47	1577.07	B
1505.68	1509.42	1554.64	1564.24	*
1509.39	1514.73	1554.64	1564.24	3
1514.71	1520.04	1554.64	1564.24	3
1520.02	1523.43	1554.64	1564.24	""""
1523.42	1526.08	1554.64	1564.24	 
1526.1	1535.85	1554.64	1564.24	@
1495.63	1502.04	1565.64	1575.24	A
1501.98	1507.32	1565.64	1575.24	L
1507.26	1509.93	1565.64	1575.24	 
1509.65	1516.05	1565.64	1575.24	S
1516.0	1518.67	1565.64	1575.24	t
1518.61	1523.95	1565.64	1575.24	u
1523.89	1529.23	1565.64	1575.24	d
1529.18	1531.31	1565.64	1575.24	i
1531.25	1536.59	1565.64	1575.24	o
1536.53	1539.2	1565.64	1575.24	 
1539.47	1545.88	1565.64	1575.24	B
1492.24	1500.24	1576.64	1586.24	M
1500.23	1507.16	1576.64	1586.24	C
1507.14	1509.81	1576.64	1586.24	 
1509.84	1516.25	1576.64	1586.24	S
1516.23	1521.57	1576.64	1586.24	h
1521.56	1526.89	1576.64	1586.24	a
1526.88	1530.08	1576.64	1586.24	r
1530.06	1535.4	1576.64	1586.24	e
1535.39	1540.73	1576.64	1586.24	d
1540.71	1543.38	1576.64	1586.24	 
1542.87	1549.27	1576.64	1586.24	A
1893.15	1908.71	2081.63	2104.96	K
1908.68	1913.86	2081.63	2104.96	i
1913.83	1920.32	2081.63	2104.96	t
1920.29	1931.95	2081.63	2104.96	c
1931.93	1944.89	2081.63	2104.96	h
1944.87	1957.84	2081.63	2104.96	e
1957.81	1970.78	2081.63	2104.96	n
1970.75	1977.23	2081.63	2104.96	 
1977.27	1990.24	2081.63	2104.96	1
1990.18	1996.67	2081.63	2104.96	 
1996.71	2003.2	2081.63	2104.96	I
2003.17	2016.14	2081.63	2104.96	n
2016.12	2022.6	2081.63	2104.96	t
2022.58	2035.55	2081.63	2104.96	e
2035.53	2043.29	2081.63	2104.96	r
2043.27	2048.45	2081.63	2104.96	i
2048.42	2061.39	2081.63	2104.96	o
2061.37	2069.14	2081.63	2104.96	r
2069.11	2075.6	2081.63	2104.96	 
2075.71	2091.27	2081.63	2104.96	E
2091.24	2096.42	2081.63	2104.96	l
2096.4	2109.37	2081.63	2104.96	e
2109.34	2121.0	2081.63	2104.96	v
2120.98	2133.95	2081.63	2104.96	a
2133.93	2140.41	2081.63	2104.96	t
2140.39	2145.57	2081.63	2104.96	i
2145.54	2158.51	2081.63	2104.96	o
2158.49	2171.46	2081.63	2104.96	n
2171.43	2183.09	2081.63	2104.96	s
2194.99	2203.64	2085.26	2100.81	1
2203.6	2207.93	2085.26	2100.81	/
2207.95	2216.6	2085.26	2100.81	4
2216.56	2223.94	2085.26	2100.81	""""
2223.95	2228.27	2085.26	2100.81	 
2228.29	2232.61	2085.26	2100.81	 
2232.63	2236.95	2085.26	2100.81	 
2236.99	2246.07	2085.26	2100.81	=
2246.08	2250.41	2085.26	2100.81	 
2250.42	2254.75	2085.26	2100.81	 
2254.76	2259.08	2085.26	2100.81	 
2259.1	2263.42	2085.26	2100.81	 
2263.52	2272.17	2085.26	2100.81	1
2272.12	2275.83	2085.26	2100.81	'
2275.85	2281.03	2085.26	2100.81	-
2281.04	2289.69	2085.26	2100.81	0
2289.64	2297.02	2085.26	2100.81	""""
2325.06	2338.02	2081.63	2104.96	1
2318.71	2325.72	2104.91	2114.63	A
2325.45	2330.85	2104.91	2114.63	1
2330.82	2336.23	2104.91	2114.63	2
2336.21	2338.91	2104.91	2114.63	.
2338.93	2344.33	2104.91	2114.63	1
776.92	792.48	2081.63	2104.96	A
792.41	805.38	2081.63	2104.96	L
805.32	811.8	2081.63	2104.96	 
811.44	827.0	2081.63	2104.96	S
826.93	833.42	2081.63	2104.96	t
833.35	846.32	2081.63	2104.96	u
846.26	859.22	2081.63	2104.96	d
859.16	864.34	2081.63	2104.96	i
864.27	877.24	2081.63	2104.96	o
877.18	883.66	2081.63	2104.96	 
883.9	905.9	2081.63	2104.96	W
905.83	918.8	2081.63	2104.96	e
918.74	925.22	2081.63	2104.96	t
925.16	931.64	2081.63	2104.96	 
931.49	947.04	2081.63	2104.96	B
946.98	959.95	2081.63	2104.96	a
959.88	967.65	2081.63	2104.96	r
967.59	974.07	2081.63	2104.96	 
974.25	989.81	2081.63	2104.96	E
989.74	994.92	2081.63	2104.96	l
994.86	1007.82	2081.63	2104.96	e
1007.76	1019.42	2081.63	2104.96	v
1019.36	1032.33	2081.63	2104.96	a
1032.26	1038.75	2081.63	2104.96	t
1038.68	1043.86	2081.63	2104.96	i
1043.79	1056.76	2081.63	2104.96	o
1056.7	1069.67	2081.63	2104.96	n
1081.87	1090.52	2085.26	2100.81	1
1090.48	1094.81	2085.26	2100.81	/
1094.83	1103.48	2085.26	2100.81	4
1103.44	1110.81	2085.26	2100.81	""""
1110.83	1115.15	2085.26	2100.81	 
1115.17	1119.49	2085.26	2100.81	 
1119.51	1123.83	2085.26	2100.81	 
1123.86	1132.95	2085.26	2100.81	=
1132.96	1137.28	2085.26	2100.81	 
1137.3	1141.62	2085.26	2100.81	 
1141.64	1145.96	2085.26	2100.81	 
1145.98	1150.3	2085.26	2100.81	 
1150.4	1159.05	2085.26	2100.81	1
1159.0	1162.7	2085.26	2100.81	'
1162.74	1167.92	2085.26	2100.81	-
1167.92	1176.57	2085.26	2100.81	0
1176.52	1183.89	2085.26	2100.81	""""
1211.93	1224.9	2081.63	2104.96	6
1205.58	1212.6	2104.91	2114.63	A
1212.32	1217.73	2104.91	2114.63	1
1217.7	1223.1	2104.91	2114.63	2
1223.08	1225.78	2104.91	2114.63	.
1225.8	1231.21	2104.91	2114.63	1
1778.23	1793.79	834.23	857.56	B
1793.77	1806.74	834.23	857.56	a
1806.71	1813.2	834.23	857.56	t
1813.17	1826.14	834.23	857.56	h
1826.12	1832.6	834.23	857.56	 
1832.66	1849.5	834.23	857.56	C
1849.48	1855.96	834.23	857.56	 
1855.98	1862.47	834.23	857.56	I
1862.44	1875.41	834.23	857.56	n
1875.39	1881.87	834.23	857.56	t
1881.85	1894.82	834.23	857.56	e
1894.79	1902.56	834.23	857.56	r
1902.54	1907.71	834.23	857.56	i
1907.69	1920.66	834.23	857.56	o
1920.63	1928.4	834.23	857.56	r
1928.38	1934.86	834.23	857.56	 
1934.98	1950.54	834.23	857.56	E
1950.51	1955.69	834.23	857.56	l
1955.67	1968.63	834.23	857.56	e
1968.61	1980.27	834.23	857.56	v
1980.25	1993.22	834.23	857.56	a
1993.19	1999.68	834.23	857.56	t
1999.65	2004.83	834.23	857.56	i
2004.81	2017.78	834.23	857.56	o
2017.75	2030.72	834.23	857.56	n
2030.7	2042.36	834.23	857.56	s
2042.33	2048.82	834.23	857.56	 
2048.8	2056.57	834.23	857.56	(
2056.58	2072.14	834.23	857.56	A
2071.87	2084.84	834.23	857.56	L
2084.57	2091.06	834.23	857.56	 
2091.1	2104.07	834.23	857.56	1
2104.01	2110.5	834.23	857.56	 
2110.54	2126.1	834.23	857.56	B
2126.06	2139.03	834.23	857.56	e
2138.98	2151.95	834.23	857.56	d
2151.91	2158.39	834.23	857.56	 
2158.44	2175.28	834.23	857.56	D
2175.22	2182.99	834.23	857.56	)
2194.99	2203.64	837.85	853.4	1
2203.6	2207.93	837.85	853.4	/
2207.95	2216.6	837.85	853.4	4
2216.56	2223.94	837.85	853.4	""""
2223.95	2228.27	837.85	853.4	 
2228.29	2232.61	837.85	853.4	 
2232.63	2236.95	837.85	853.4	 
2236.99	2246.07	837.85	853.4	=
2246.08	2250.41	837.85	853.4	 
2250.42	2254.75	837.85	853.4	 
2254.76	2259.08	837.85	853.4	 
2259.1	2263.42	837.85	853.4	 
2263.52	2272.17	837.85	853.4	1
2272.12	2275.83	837.85	853.4	'
2275.85	2281.03	837.85	853.4	-
2281.04	2289.69	837.85	853.4	0
2289.64	2297.02	837.85	853.4	""""
2325.06	2338.02	834.23	857.56	4
2318.71	2325.72	857.5	867.22	A
2325.45	2330.85	857.5	867.22	1
2330.82	2336.23	857.5	867.22	2
2336.21	2338.91	857.5	867.22	.
2338.93	2344.33	857.5	867.22	1
1775.28	1790.84	418.43	441.75	B
1790.82	1803.79	418.43	441.75	a
1803.76	1810.25	418.43	441.75	t
1810.22	1823.19	418.43	441.75	h
1823.17	1829.65	418.43	441.75	 
1829.71	1846.55	418.43	441.75	D
1846.53	1853.01	418.43	441.75	 
1853.03	1859.52	418.43	441.75	I
1859.49	1872.46	418.43	441.75	n
1872.44	1878.92	418.43	441.75	t
1878.9	1891.87	418.43	441.75	e
1891.84	1899.61	418.43	441.75	r
1899.59	1904.76	418.43	441.75	i
1904.74	1917.71	418.43	441.75	o
1917.68	1925.45	418.43	441.75	r
1925.43	1931.91	418.43	441.75	 
1932.03	1947.59	418.43	441.75	E
1947.56	1952.74	418.43	441.75	l
1952.72	1965.68	418.43	441.75	e
1965.66	1977.32	418.43	441.75	v
1977.3	1990.27	418.43	441.75	a
1990.24	1996.73	418.43	441.75	t
1996.7	2001.88	418.43	441.75	i
2001.86	2014.83	418.43	441.75	o
2014.8	2027.77	418.43	441.75	n
2027.75	2039.41	418.43	441.75	s
2039.38	2045.87	418.43	441.75	 
2045.85	2053.62	418.43	441.75	(
2053.62	2069.18	418.43	441.75	A
2069.1	2082.07	418.43	441.75	L
2081.99	2088.47	418.43	441.75	 
2088.15	2103.7	418.43	441.75	S
2103.62	2110.11	418.43	441.75	t
2110.02	2122.99	418.43	441.75	u
2122.91	2135.88	418.43	441.75	d
2135.8	2140.98	418.43	441.75	i
2140.89	2153.86	418.43	441.75	o
2153.78	2160.26	418.43	441.75	 
2159.68	2175.23	418.43	441.75	A
2175.22	2182.99	418.43	441.75	)
2194.99	2203.64	422.05	437.6	1
2203.6	2207.93	422.05	437.6	/
2207.95	2216.6	422.05	437.6	4
2216.56	2223.94	422.05	437.6	""""
2223.95	2228.27	422.05	437.6	 
2228.29	2232.61	422.05	437.6	 
2232.63	2236.95	422.05	437.6	 
2236.99	2246.07	422.05	437.6	=
2246.08	2250.41	422.05	437.6	 
2250.42	2254.75	422.05	437.6	 
2254.76	2259.08	422.05	437.6	 
2259.1	2263.42	422.05	437.6	 
2263.52	2272.17	422.05	437.6	1
2272.12	2275.83	422.05	437.6	'
2275.85	2281.03	422.05	437.6	-
2281.04	2289.69	422.05	437.6	0
2289.64	2297.02	422.05	437.6	""""
2325.06	2338.02	418.43	441.75	5
2318.71	2325.72	441.7	451.42	A
2325.45	2330.85	441.7	451.42	1
2330.82	2336.23	441.7	451.42	2
2336.21	2338.91	441.7	451.42	.
2338.93	2344.33	441.7	451.42	1
1712.46	1728.02	1250.03	1273.35	B
1728.0	1740.97	1250.03	1273.35	a
1740.95	1747.43	1250.03	1273.35	t
1747.41	1760.38	1250.03	1273.35	h
1760.35	1766.84	1250.03	1273.35	 
1766.89	1782.45	1250.03	1273.35	B
1782.42	1788.91	1250.03	1273.35	 
1788.97	1795.45	1250.03	1273.35	I
1795.43	1808.4	1250.03	1273.35	n
1808.38	1814.86	1250.03	1273.35	t
1814.84	1827.81	1250.03	1273.35	e
1827.79	1835.55	1250.03	1273.35	r
1835.53	1840.71	1250.03	1273.35	i
1840.69	1853.65	1250.03	1273.35	o
1853.63	1861.4	1250.03	1273.35	r
1861.38	1867.86	1250.03	1273.35	 
1867.96	1883.52	1250.03	1273.35	E
1883.5	1888.68	1250.03	1273.35	l
1888.66	1901.62	1250.03	1273.35	e
1901.6	1913.26	1250.03	1273.35	v
1913.24	1926.21	1250.03	1273.35	a
1926.19	1932.67	1250.03	1273.35	t
1932.65	1937.83	1250.03	1273.35	i
1937.8	1950.77	1250.03	1273.35	o
1950.75	1963.72	1250.03	1273.35	n
1963.7	1975.36	1250.03	1273.35	s
1975.34	1981.82	1250.03	1273.35	 
1981.78	1989.55	1250.03	1273.35	(
1989.56	2005.12	1250.03	1273.35	A
2004.99	2017.96	1250.03	1273.35	L
2017.83	2024.31	1250.03	1273.35	 
2024.09	2035.75	1250.03	1273.35	J
2035.62	2043.38	1250.03	1273.35	r
2043.25	2049.74	1250.03	1273.35	 
2050.05	2063.02	1250.03	1273.35	1
2062.96	2069.45	1250.03	1273.35	 
2069.48	2085.04	1250.03	1273.35	B
2084.77	2097.74	1250.03	1273.35	e
2097.47	2110.44	1250.03	1273.35	d
2110.18	2116.66	1250.03	1273.35	 
2116.45	2132.0	1250.03	1273.35	A
2131.74	2138.22	1250.03	1273.35	 
2137.59	2153.15	1250.03	1273.35	&
2153.14	2159.63	1250.03	1273.35	 
2159.67	2175.23	1250.03	1273.35	B
2175.22	2182.99	1250.03	1273.35	)
2194.99	2203.64	1253.65	1269.2	1
2203.6	2207.93	1253.65	1269.2	/
2207.95	2216.6	1253.65	1269.2	4
2216.56	2223.94	1253.65	1269.2	""""
2223.95	2228.27	1253.65	1269.2	 
2228.29	2232.61	1253.65	1269.2	 
2232.63	2236.95	1253.65	1269.2	 
2236.99	2246.07	1253.65	1269.2	=
2246.08	2250.41	1253.65	1269.2	 
2250.42	2254.75	1253.65	1269.2	 
2254.76	2259.08	1253.65	1269.2	 
2259.1	2263.42	1253.65	1269.2	 
2263.52	2272.17	1253.65	1269.2	1
2272.12	2275.83	1253.65	1269.2	'
2275.85	2281.03	1253.65	1269.2	-
2281.04	2289.69	1253.65	1269.2	0
2289.64	2297.02	1253.65	1269.2	""""
2325.06	2338.02	1250.03	1273.35	3
2318.71	2325.72	1273.3	1283.02	A
2325.45	2330.85	1273.3	1283.02	1
2330.82	2336.23	1273.3	1283.02	2
2336.21	2338.91	1273.3	1283.02	.
2338.93	2344.33	1273.3	1283.02	1
1922.07	1937.63	1665.83	1689.16	B
1937.57	1950.54	1665.83	1689.16	a
1950.47	1956.96	1665.83	1689.16	t
1956.9	1969.86	1665.83	1689.16	h
1969.8	1976.29	1665.83	1689.16	 
1975.57	1991.12	1665.83	1689.16	A
1991.06	1997.55	1665.83	1689.16	 
1996.71	2003.2	1665.83	1689.16	I
2003.14	2016.1	1665.83	1689.16	n
2016.04	2022.53	1665.83	1689.16	t
2022.46	2035.43	1665.83	1689.16	e
2035.37	2043.14	1665.83	1689.16	r
2043.07	2048.25	1665.83	1689.16	i
2048.19	2061.16	1665.83	1689.16	o
2061.09	2068.86	1665.83	1689.16	r
2068.8	2075.28	1665.83	1689.16	 
2075.71	2091.27	1665.83	1689.16	E
2091.2	2096.38	1665.83	1689.16	l
2096.32	2109.29	1665.83	1689.16	e
2109.22	2120.89	1665.83	1689.16	v
2120.82	2133.79	1665.83	1689.16	a
2133.73	2140.21	1665.83	1689.16	t
2140.15	2145.33	1665.83	1689.16	i
2145.27	2158.23	1665.83	1689.16	o
2158.17	2171.14	1665.83	1689.16	n
2171.08	2182.74	1665.83	1689.16	s
2194.99	2203.64	1669.45	1685.0	1
2203.6	2207.93	1669.45	1685.0	/
2207.95	2216.6	1669.45	1685.0	4
2216.56	2223.94	1669.45	1685.0	""""
2223.95	2228.27	1669.45	1685.0	 
2228.29	2232.61	1669.45	1685.0	 
2232.63	2236.95	1669.45	1685.0	 
2236.99	2246.07	1669.45	1685.0	=
2246.08	2250.41	1669.45	1685.0	 
2250.42	2254.75	1669.45	1685.0	 
2254.76	2259.08	1669.45	1685.0	 
2259.1	2263.42	1669.45	1685.0	 
2263.52	2272.17	1669.45	1685.0	1
2272.12	2275.83	1669.45	1685.0	'
2275.85	2281.03	1669.45	1685.0	-
2281.04	2289.69	1669.45	1685.0	0
2289.64	2297.02	1669.45	1685.0	""""
2325.06	2338.02	1665.83	1689.16	2
2318.71	2325.72	1689.11	1698.82	A
2325.45	2330.85	1689.11	1698.82	1
2330.82	2336.23	1689.11	1698.82	2
2336.21	2338.91	1689.11	1698.82	.
2338.93	2344.33	1689.11	1698.82	1
